0,G000012725,1,46,381,scaffold
0,G000012725,10,13,381,scaffold
0,G000012725,11,30,381,scaffold
0,G000012725,12,23,381,scaffold
0,G000012725,13,20,381,scaffold
0,G000012725,15,6,381,scaffold
7,G000012725,16,9,381,scaffold
0,G000012725,17,13,381,scaffold
18,G000012725,18,5,381,scaffold
0,G000012725,19,10,381,scaffold
0,G000012725,2,36,381,scaffold
0,G000012725,20,13,381,scaffold
4,G000012725,22,7,381,scaffold
27,G000012725,23,3,381,scaffold
27,G000012725,24,3,381,scaffold
6,G000012725,25,2,381,scaffold
42,G000012725,26,2,381,scaffold
0,G000012725,27,9,381,scaffold
0,G000012725,29,4,381,scaffold
0,G000012725,3,45,381,scaffold
22,G000012725,30,3,381,scaffold
0,G000012725,31,4,381,scaffold
0,G000012725,32,5,381,scaffold
27,G000012725,35,2,381,scaffold
21,G000012725,36,2,381,scaffold
0,G000012725,39,3,381,scaffold
0,G000012725,4,24,381,scaffold
2,G000012725,45,2,381,scaffold
2,G000012725,5,29,381,scaffold
0,G000012725,6,21,381,scaffold
0,G000012725,7,15,381,scaffold
0,G000012725,8,34,381,scaffold
0,G000012725,9,32,381,scaffold
3,G000016285,1,51,381,scaffold
0,G000016285,10,48,381,scaffold
0,G000016285,11,19,381,scaffold
0,G000016285,12,25,381,scaffold
33,G000016285,13,14,381,scaffold
4,G000016285,14,6,381,scaffold
49,G000016285,15,13,381,scaffold
74,G000016285,16,7,381,scaffold
6,G000016285,17,10,381,scaffold
49,G000016285,18,6,381,scaffold
35,G000016285,19,3,381,scaffold
0,G000016285,2,62,381,scaffold
25,G000016285,20,3,381,scaffold
52,G000016285,23,3,381,scaffold
55,G000016285,26,4,381,scaffold
0,G000016285,3,89,381,scaffold
6,G000016285,4,37,381,scaffold
0,G000016285,5,71,381,scaffold
0,G000016285,6,61,381,scaffold
0,G000016285,7,72,381,scaffold
0,G000016285,8,33,381,scaffold
4,G000016285,9,32,381,scaffold
1,G000016525,1,41,381,scaffold
1,G000016525,10,19,381,scaffold
1,G000016525,11,10,381,scaffold
0,G000016525,12,3,381,scaffold
1,G000016525,13,9,381,scaffold
1,G000016525,14,5,381,scaffold
2,G000016525,15,4,381,scaffold
1,G000016525,2,30,381,scaffold
1,G000016525,3,22,381,scaffold
1,G000016525,4,15,381,scaffold
0,G000016525,5,10,381,scaffold
1,G000016525,6,9,381,scaffold
1,G000016525,7,15,381,scaffold
1,G000016525,8,11,381,scaffold
1,G000016525,9,13,381,scaffold
28,G000024365,1,2,381,scaffold
0,G000026405,1,122,381,scaffold
11,G000026405,11,3,381,scaffold
7,G000026405,12,2,381,scaffold
4,G000026405,14,2,381,scaffold
7,G000026405,15,2,381,scaffold
3,G000026405,2,89,381,scaffold
1,G000026405,3,37,381,scaffold
2,G000026405,4,36,381,scaffold
4,G000026405,5,28,381,scaffold
1,G000026405,6,19,381,scaffold
0,G000026405,7,5,381,scaffold
1,G000026405,8,8,381,scaffold
3,G000092045,1,81,381,scaffold
1,G000092045,10,24,381,scaffold
2,G000092045,11,38,381,scaffold
29,G000092045,12,26,381,scaffold
6,G000092045,13,20,381,scaffold
53,G000092045,14,19,381,scaffold
3,G000092045,15,30,381,scaffold
6,G000092045,16,20,381,scaffold
34,G000092045,17,12,381,scaffold
36,G000092045,18,7,381,scaffold
49,G000092045,19,5,381,scaffold
2,G000092045,2,42,381,scaffold
51,G000092045,20,4,381,scaffold
3,G000092045,21,10,381,scaffold
4,G000092045,22,11,381,scaffold
2,G000092045,24,10,381,scaffold
21,G000092045,25,2,381,scaffold
60,G000092045,26,11,381,scaffold
42,G000092045,27,4,381,scaffold
46,G000092045,28,3,381,scaffold
1,G000092045,3,79,381,scaffold
61,G000092045,33,1,381,scaffold
55,G000092045,4,38,381,scaffold
0,G000092045,5,54,381,scaffold
0,G000092045,6,39,381,scaffold
3,G000092045,7,47,381,scaffold
3,G000092045,8,43,381,scaffold
3,G000092045,9,68,381,scaffold
0,G000155775,1,49,381,scaffold
1,G000155775,10,24,381,scaffold
4,G000155775,11,13,381,scaffold
1,G000155775,12,18,381,scaffold
30,G000155775,13,7,381,scaffold
1,G000155775,14,15,381,scaffold
4,G000155775,15,17,381,scaffold
2,G000155775,16,6,381,scaffold
12,G000155775,17,4,381,scaffold
3,G000155775,2,35,381,scaffold
1,G000155775,20,10,381,scaffold
8,G000155775,21,6,381,scaffold
4,G000155775,22,3,381,scaffold
12,G000155775,23,3,381,scaffold
32,G000155775,24,1,381,scaffold
1,G000155775,25,6,381,scaffold
8,G000155775,26,3,381,scaffold
4,G000155775,27,5,381,scaffold
4,G000155775,28,5,381,scaffold
1,G000155775,29,4,381,scaffold
0,G000155775,3,30,381,scaffold
4,G000155775,4,24,381,scaffold
3,G000155775,5,40,381,scaffold
0,G000155775,6,30,381,scaffold
0,G000155775,7,19,381,scaffold
7,G000155775,8,4,381,scaffold
0,G000155775,9,24,381,scaffold
3,G000156275,1,17,381,scaffold
1,G000156275,10,13,381,scaffold
3,G000156275,11,7,381,scaffold
1,G000156275,12,10,381,scaffold
20,G000156275,13,7,381,scaffold
1,G000156275,14,6,381,scaffold
4,G000156275,15,7,381,scaffold
3,G000156275,16,8,381,scaffold
1,G000156275,17,6,381,scaffold
4,G000156275,18,4,381,scaffold
1,G000156275,19,7,381,scaffold
20,G000156275,2,11,381,scaffold
1,G000156275,20,15,381,scaffold
3,G000156275,22,3,381,scaffold
3,G000156275,23,10,381,scaffold
1,G000156275,24,11,381,scaffold
1,G000156275,27,10,381,scaffold
6,G000156275,28,4,381,scaffold
1,G000156275,29,8,381,scaffold
1,G000156275,3,3,381,scaffold
1,G000156275,31,4,381,scaffold
11,G000156275,32,5,381,scaffold
2,G000156275,33,7,381,scaffold
1,G000156275,35,3,381,scaffold
2,G000156275,36,5,381,scaffold
1,G000156275,38,7,381,scaffold
11,G000156275,39,2,381,scaffold
1,G000156275,4,20,381,scaffold
22,G000156275,40,3,381,scaffold
20,G000156275,41,7,381,scaffold
3,G000156275,42,3,381,scaffold
3,G000156275,43,3,381,scaffold
4,G000156275,44,4,381,scaffold
8,G000156275,45,3,381,scaffold
3,G000156275,46,2,381,scaffold
1,G000156275,47,3,381,scaffold
1,G000156275,49,4,381,scaffold
1,G000156275,5,12,381,scaffold
1,G000156275,50,6,381,scaffold
1,G000156275,53,3,381,scaffold
1,G000156275,54,4,381,scaffold
1,G000156275,57,2,381,scaffold
2,G000156275,58,6,381,scaffold
10,G000156275,6,4,381,scaffold
1,G000156275,60,3,381,scaffold
1,G000156275,62,2,381,scaffold
0,G000156275,64,3,381,scaffold
12,G000156275,7,5,381,scaffold
1,G000156275,8,9,381,scaffold
1,G000156275,9,18,381,scaffold
4,G000156535,1,25,381,scaffold
30,G000156535,10,5,381,scaffold
1,G000156535,11,16,381,scaffold
1,G000156535,12,12,381,scaffold
1,G000156535,13,12,381,scaffold
24,G000156535,14,11,381,scaffold
11,G000156535,15,18,381,scaffold
5,G000156535,16,13,381,scaffold
12,G000156535,17,4,381,scaffold
13,G000156535,18,7,381,scaffold
1,G000156535,19,12,381,scaffold
3,G000156535,2,30,381,scaffold
5,G000156535,20,8,381,scaffold
0,G000156535,21,13,381,scaffold
4,G000156535,22,7,381,scaffold
1,G000156535,23,7,381,scaffold
16,G000156535,24,7,381,scaffold
1,G000156535,25,9,381,scaffold
12,G000156535,26,6,381,scaffold
37,G000156535,27,7,381,scaffold
17,G000156535,28,10,381,scaffold
4,G000156535,3,24,381,scaffold
1,G000156535,30,7,381,scaffold
1,G000156535,32,7,381,scaffold
11,G000156535,33,3,381,scaffold
1,G000156535,34,11,381,scaffold
13,G000156535,35,7,381,scaffold
15,G000156535,36,4,381,scaffold
14,G000156535,37,6,381,scaffold
0,G000156535,38,8,381,scaffold
1,G000156535,39,7,381,scaffold
1,G000156535,4,14,381,scaffold
20,G000156535,40,1,381,scaffold
21,G000156535,41,3,381,scaffold
11,G000156535,42,5,381,scaffold
8,G000156535,44,6,381,scaffold
11,G000156535,45,4,381,scaffold
6,G000156535,46,9,381,scaffold
2,G000156535,47,8,381,scaffold
1,G000156535,49,8,381,scaffold
1,G000156535,5,23,381,scaffold
23,G000156535,50,2,381,scaffold
5,G000156535,51,6,381,scaffold
1,G000156535,52,6,381,scaffold
1,G000156535,53,4,381,scaffold
7,G000156535,55,2,381,scaffold
9,G000156535,56,6,381,scaffold
3,G000156535,58,4,381,scaffold
12,G000156535,59,6,381,scaffold
5,G000156535,6,10,381,scaffold
5,G000156535,61,7,381,scaffold
3,G000156535,63,9,381,scaffold
14,G000156535,64,3,381,scaffold
17,G000156535,65,3,381,scaffold
31,G000156535,66,2,381,scaffold
20,G000156535,67,2,381,scaffold
13,G000156535,68,2,381,scaffold
12,G000156535,7,12,381,scaffold
0,G000156535,72,5,381,scaffold
7,G000156535,78,2,381,scaffold
3,G000156535,8,19,381,scaffold
3,G000156535,9,10,381,scaffold
1,G000158075,1,46,381,scaffold
2,G000158075,10,28,381,scaffold
33,G000158075,11,13,381,scaffold
1,G000158075,12,17,381,scaffold
3,G000158075,13,23,381,scaffold
3,G000158075,14,29,381,scaffold
27,G000158075,15,20,381,scaffold
0,G000158075,16,33,381,scaffold
3,G000158075,17,16,381,scaffold
1,G000158075,18,27,381,scaffold
3,G000158075,19,27,381,scaffold
1,G000158075,2,66,381,scaffold
3,G000158075,20,17,381,scaffold
3,G000158075,21,9,381,scaffold
0,G000158075,22,20,381,scaffold
1,G000158075,23,15,381,scaffold
3,G000158075,24,20,381,scaffold
3,G000158075,25,12,381,scaffold
11,G000158075,26,4,381,scaffold
20,G000158075,27,5,381,scaffold
9,G000158075,28,7,381,scaffold
19,G000158075,29,5,381,scaffold
1,G000158075,3,48,381,scaffold
4,G000158075,31,3,381,scaffold
21,G000158075,32,4,381,scaffold
0,G000158075,33,3,381,scaffold
1,G000158075,4,60,381,scaffold
3,G000158075,5,24,381,scaffold
1,G000158075,6,33,381,scaffold
3,G000158075,7,35,381,scaffold
3,G000158075,8,33,381,scaffold
1,G000158075,9,32,381,scaffold
0,G000161775,1,150,381,scaffold
0,G000161775,10,8,381,scaffold
0,G000161775,11,15,381,scaffold
0,G000161775,2,79,381,scaffold
0,G000161775,3,59,381,scaffold
3,G000161775,4,58,381,scaffold
0,G000161775,5,55,381,scaffold
0,G000161775,6,40,381,scaffold
0,G000161775,7,30,381,scaffold
18,G000161775,8,16,381,scaffold
13,G000161775,9,12,381,scaffold
1,G000162875,1,131,381,scaffold
0,G000162875,2,118,381,scaffold
1,G000162875,3,65,381,scaffold
17,G000162875,4,28,381,scaffold
5,G000162875,5,4,381,scaffold
0,G000162875,8,4,381,scaffold
33,G000190635,1,43,381,scaffold
1,G000190635,10,25,381,scaffold
2,G000190635,11,22,381,scaffold
20,G000190635,12,7,381,scaffold
0,G000190635,13,27,381,scaffold
10,G000190635,14,11,381,scaffold
11,G000190635,15,12,381,scaffold
1,G000190635,16,6,381,scaffold
0,G000190635,2,84,381,scaffold
0,G000190635,3,65,381,scaffold
20,G000190635,4,40,381,scaffold
0,G000190635,5,41,381,scaffold
20,G000190635,6,23,381,scaffold
0,G000190635,7,42,381,scaffold
1,G000190635,8,36,381,scaffold
2,G000190635,9,26,381,scaffold
3,G000213805,1,111,381,scaffold
3,G000213805,10,33,381,scaffold
8,G000213805,2,77,381,scaffold
3,G000213805,3,58,381,scaffold
5,G000213805,4,63,381,scaffold
3,G000213805,5,44,381,scaffold
3,G000213805,6,65,381,scaffold
2,G000213805,7,81,381,scaffold
3,G000213805,8,43,381,scaffold
3,G000213805,9,30,381,scaffold
1,G000248095,1,28,381,scaffold
1,G000248095,10,16,381,scaffold
1,G000248095,11,18,381,scaffold
2,G000248095,12,14,381,scaffold
3,G000248095,13,22,381,scaffold
1,G000248095,14,23,381,scaffold
0,G000248095,15,22,381,scaffold
1,G000248095,16,16,381,scaffold
9,G000248095,17,11,381,scaffold
7,G000248095,18,3,381,scaffold
10,G000248095,19,6,381,scaffold
1,G000248095,2,26,381,scaffold
8,G000248095,20,6,381,scaffold
0,G000248095,21,12,381,scaffold
2,G000248095,23,3,381,scaffold
1,G000248095,3,36,381,scaffold
1,G000248095,4,21,381,scaffold
0,G000248095,5,44,381,scaffold
1,G000248095,6,13,381,scaffold
1,G000248095,7,19,381,scaffold
38,G000248095,8,2,381,scaffold
1,G000248095,9,11,381,scaffold
1,G000262405,1,103,381,scaffold
1,G000262405,10,29,381,scaffold
1,G000262405,11,21,381,scaffold
21,G000262405,12,9,381,scaffold
1,G000262405,13,23,381,scaffold
26,G000262405,14,17,381,scaffold
18,G000262405,15,6,381,scaffold
53,G000262405,16,17,381,scaffold
22,G000262405,17,13,381,scaffold
6,G000262405,18,11,381,scaffold
1,G000262405,19,18,381,scaffold
1,G000262405,2,73,381,scaffold
22,G000262405,20,12,381,scaffold
26,G000262405,21,11,381,scaffold
0,G000262405,22,9,381,scaffold
26,G000262405,23,17,381,scaffold
15,G000262405,24,4,381,scaffold
15,G000262405,25,10,381,scaffold
37,G000262405,26,4,381,scaffold
33,G000262405,27,13,381,scaffold
26,G000262405,28,3,381,scaffold
40,G000262405,29,10,381,scaffold
1,G000262405,3,78,381,scaffold
14,G000262405,31,3,381,scaffold
28,G000262405,32,5,381,scaffold
37,G000262405,33,6,381,scaffold
13,G000262405,35,9,381,scaffold
40,G000262405,36,2,381,scaffold
0,G000262405,37,9,381,scaffold
48,G000262405,38,3,381,scaffold
15,G000262405,39,3,381,scaffold
1,G000262405,4,34,381,scaffold
47,G000262405,40,2,381,scaffold
0,G000262405,41,2,381,scaffold
38,G000262405,45,5,381,scaffold
12,G000262405,46,2,381,scaffold
20,G000262405,47,3,381,scaffold
51,G000262405,48,1,381,scaffold
1,G000262405,5,50,381,scaffold
26,G000262405,50,2,381,scaffold
16,G000262405,52,4,381,scaffold
40,G000262405,53,3,381,scaffold
1,G000262405,54,5,381,scaffold
24,G000262405,56,4,381,scaffold
7,G000262405,6,26,381,scaffold
26,G000262405,63,2,381,scaffold
0,G000262405,7,26,381,scaffold
28,G000262405,71,2,381,scaffold
1,G000262405,8,27,381,scaffold
1,G000262405,9,17,381,scaffold
26,G000269905,1,9,381,scaffold
1,G000269905,10,10,381,scaffold
1,G000269905,11,6,381,scaffold
0,G000269905,12,14,381,scaffold
1,G000269905,13,8,381,scaffold
1,G000269905,14,8,381,scaffold
17,G000269905,15,6,381,scaffold
1,G000269905,16,9,381,scaffold
1,G000269905,17,7,381,scaffold
1,G000269905,18,9,381,scaffold
13,G000269905,19,10,381,scaffold
1,G000269905,2,15,381,scaffold
8,G000269905,20,11,381,scaffold
41,G000269905,21,6,381,scaffold
10,G000269905,22,9,381,scaffold
1,G000269905,23,11,381,scaffold
1,G000269905,24,7,381,scaffold
20,G000269905,25,4,381,scaffold
1,G000269905,27,5,381,scaffold
43,G000269905,28,3,381,scaffold
3,G000269905,29,10,381,scaffold
15,G000269905,3,3,381,scaffold
6,G000269905,30,7,381,scaffold
0,G000269905,31,7,381,scaffold
35,G000269905,32,6,381,scaffold
10,G000269905,33,4,381,scaffold
1,G000269905,34,6,381,scaffold
0,G000269905,35,11,381,scaffold
1,G000269905,37,7,381,scaffold
0,G000269905,38,3,381,scaffold
5,G000269905,39,7,381,scaffold
1,G000269905,4,13,381,scaffold
1,G000269905,45,8,381,scaffold
7,G000269905,46,6,381,scaffold
28,G000269905,47,3,381,scaffold
10,G000269905,49,4,381,scaffold
11,G000269905,5,16,381,scaffold
18,G000269905,51,4,381,scaffold
1,G000269905,53,3,381,scaffold
0,G000269905,54,6,381,scaffold
1,G000269905,55,7,381,scaffold
1,G000269905,57,6,381,scaffold
1,G000269905,59,7,381,scaffold
1,G000269905,6,19,381,scaffold
0,G000269905,60,4,381,scaffold
32,G000269905,61,2,381,scaffold
0,G000269905,65,8,381,scaffold
1,G000269905,66,10,381,scaffold
0,G000269905,67,8,381,scaffold
1,G000269905,68,5,381,scaffold
7,G000269905,7,10,381,scaffold
6,G000269905,70,3,381,scaffold
1,G000269905,71,5,381,scaffold
1,G000269905,73,2,381,scaffold
1,G000269905,74,3,381,scaffold
0,G000269905,75,3,381,scaffold
1,G000269905,78,2,381,scaffold
1,G000269905,79,2,381,scaffold
1,G000269905,8,7,381,scaffold
24,G000269905,82,2,381,scaffold
48,G000269905,84,2,381,scaffold
1,G000269905,87,3,381,scaffold
2,G000269905,9,6,381,scaffold
1,G000269905,90,2,381,scaffold
0,G000269905,91,4,381,scaffold
7,G000269905,94,4,381,scaffold
1,G000269905,97,4,381,scaffold
0,G000279145,1,89,381,scaffold
3,G000279145,10,3,381,scaffold
0,G000279145,2,66,381,scaffold
3,G000279145,3,95,381,scaffold
1,G000279145,4,88,381,scaffold
3,G000279145,5,44,381,scaffold
0,G000279145,6,24,381,scaffold
0,G000279145,7,24,381,scaffold
9,G000279145,8,14,381,scaffold
27,G000279145,9,7,381,scaffold
0,G000336695,1,21,381,scaffold
0,G000336695,10,13,381,scaffold
3,G000336695,11,10,381,scaffold
0,G000336695,12,11,381,scaffold
1,G000336695,13,9,381,scaffold
1,G000336695,14,10,381,scaffold
1,G000336695,15,8,381,scaffold
1,G000336695,16,8,381,scaffold
0,G000336695,17,7,381,scaffold
0,G000336695,18,9,381,scaffold
7,G000336695,19,6,381,scaffold
0,G000336695,2,14,381,scaffold
9,G000336695,20,6,381,scaffold
1,G000336695,21,7,381,scaffold
6,G000336695,22,5,381,scaffold
1,G000336695,23,4,381,scaffold
1,G000336695,24,6,381,scaffold
7,G000336695,25,2,381,scaffold
0,G000336695,26,6,381,scaffold
11,G000336695,27,3,381,scaffold
3,G000336695,28,7,381,scaffold
0,G000336695,29,8,381,scaffold
1,G000336695,3,19,381,scaffold
1,G000336695,30,5,381,scaffold
0,G000336695,31,4,381,scaffold
3,G000336695,32,3,381,scaffold
3,G000336695,34,3,381,scaffold
0,G000336695,36,5,381,scaffold
1,G000336695,39,3,381,scaffold
0,G000336695,4,24,381,scaffold
3,G000336695,41,6,381,scaffold
3,G000336695,42,3,381,scaffold
11,G000336695,43,4,381,scaffold
14,G000336695,48,4,381,scaffold
3,G000336695,5,16,381,scaffold
3,G000336695,51,3,381,scaffold
4,G000336695,53,2,381,scaffold
0,G000336695,55,2,381,scaffold
3,G000336695,6,10,381,scaffold
0,G000336695,62,4,381,scaffold
3,G000336695,7,17,381,scaffold
0,G000336695,8,8,381,scaffold
3,G000336695,9,13,381,scaffold
1,G000336935,1,48,381,scaffold
1,G000336935,10,14,381,scaffold
2,G000336935,11,15,381,scaffold
1,G000336935,12,13,381,scaffold
2,G000336935,14,12,381,scaffold
1,G000336935,15,9,381,scaffold
6,G000336935,16,8,381,scaffold
13,G000336935,17,6,381,scaffold
1,G000336935,18,12,381,scaffold
1,G000336935,19,5,381,scaffold
2,G000336935,2,36,381,scaffold
11,G000336935,20,7,381,scaffold
2,G000336935,22,4,381,scaffold
10,G000336935,23,2,381,scaffold
2,G000336935,24,7,381,scaffold
2,G000336935,26,7,381,scaffold
6,G000336935,27,3,381,scaffold
0,G000336935,29,7,381,scaffold
0,G000336935,3,31,381,scaffold
6,G000336935,30,3,381,scaffold
7,G000336935,33,2,381,scaffold
1,G000336935,35,2,381,scaffold
2,G000336935,37,3,381,scaffold
1,G000336935,38,3,381,scaffold
2,G000336935,4,26,381,scaffold
13,G000336935,44,3,381,scaffold
3,G000336935,47,5,381,scaffold
1,G000336935,49,2,381,scaffold
0,G000336935,5,30,381,scaffold
2,G000336935,53,1,381,scaffold
1,G000336935,6,26,381,scaffold
2,G000336935,7,12,381,scaffold
1,G000336935,8,23,381,scaffold
1,G000336935,9,13,381,scaffold
2,G000337195,1,26,381,scaffold
0,G000337195,10,15,381,scaffold
9,G000337195,11,10,381,scaffold
8,G000337195,12,9,381,scaffold
23,G000337195,13,15,381,scaffold
7,G000337195,14,7,381,scaffold
15,G000337195,15,10,381,scaffold
8,G000337195,16,11,381,scaffold
5,G000337195,17,5,381,scaffold
20,G000337195,18,10,381,scaffold
0,G000337195,19,9,381,scaffold
9,G000337195,2,26,381,scaffold
18,G000337195,20,7,381,scaffold
0,G000337195,21,7,381,scaffold
7,G000337195,22,12,381,scaffold
5,G000337195,23,10,381,scaffold
20,G000337195,25,2,381,scaffold
1,G000337195,26,6,381,scaffold
2,G000337195,27,12,381,scaffold
1,G000337195,28,8,381,scaffold
22,G000337195,29,6,381,scaffold
7,G000337195,3,24,381,scaffold
20,G000337195,30,4,381,scaffold
7,G000337195,31,6,381,scaffold
1,G000337195,32,6,381,scaffold
20,G000337195,33,4,381,scaffold
3,G000337195,34,4,381,scaffold
17,G000337195,35,6,381,scaffold
6,G000337195,37,4,381,scaffold
20,G000337195,39,3,381,scaffold
5,G000337195,4,14,381,scaffold
3,G000337195,40,2,381,scaffold
10,G000337195,41,2,381,scaffold
16,G000337195,42,2,381,scaffold
9,G000337195,44,2,381,scaffold
30,G000337195,48,2,381,scaffold
7,G000337195,49,2,381,scaffold
0,G000337195,5,19,381,scaffold
8,G000337195,53,2,381,scaffold
6,G000337195,54,3,381,scaffold
10,G000337195,55,2,381,scaffold
6,G000337195,6,17,381,scaffold
5,G000337195,7,20,381,scaffold
2,G000337195,8,10,381,scaffold
1,G000337195,9,18,381,scaffold
0,G000372285,1,10,381,scaffold
0,G000372285,10,9,381,scaffold
0,G000372285,103,3,381,scaffold
0,G000372285,104,3,381,scaffold
14,G000372285,106,3,381,scaffold
22,G000372285,11,4,381,scaffold
25,G000372285,12,11,381,scaffold
0,G000372285,13,10,381,scaffold
0,G000372285,14,4,381,scaffold
17,G000372285,16,6,381,scaffold
22,G000372285,17,3,381,scaffold
18,G000372285,19,5,381,scaffold
0,G000372285,2,3,381,scaffold
21,G000372285,21,4,381,scaffold
10,G000372285,22,3,381,scaffold
14,G000372285,23,5,381,scaffold
17,G000372285,25,4,381,scaffold
4,G000372285,26,4,381,scaffold
16,G000372285,28,2,381,scaffold
14,G000372285,30,5,381,scaffold
0,G000372285,31,4,381,scaffold
14,G000372285,32,2,381,scaffold
11,G000372285,35,5,381,scaffold
20,G000372285,36,7,381,scaffold
0,G000372285,4,6,381,scaffold
14,G000372285,40,3,381,scaffold
0,G000372285,43,2,381,scaffold
26,G000372285,44,3,381,scaffold
0,G000372285,46,4,381,scaffold
26,G000372285,5,9,381,scaffold
25,G000372285,51,3,381,scaffold
0,G000372285,54,3,381,scaffold
0,G000372285,57,2,381,scaffold
0,G000372285,6,8,381,scaffold
25,G000372285,64,2,381,scaffold
11,G000372285,65,3,381,scaffold
0,G000372285,69,5,381,scaffold
11,G000372285,7,4,381,scaffold
17,G000372285,72,4,381,scaffold
10,G000372285,77,5,381,scaffold
14,G000372285,8,9,381,scaffold
9,G000372285,83,2,381,scaffold
0,G000372285,87,3,381,scaffold
0,G000372285,88,2,381,scaffold
14,G000372285,9,6,381,scaffold
0,G000372285,92,3,381,scaffold
0,G000372285,93,2,381,scaffold
0,G000372285,96,2,381,scaffold
0,G000372285,97,2,381,scaffold
25,G000372285,98,3,381,scaffold
0,G000376545,1,134,381,scaffold
4,G000376545,10,23,381,scaffold
16,G000376545,11,4,381,scaffold
0,G000376545,12,22,381,scaffold
11,G000376545,13,8,381,scaffold
28,G000376545,14,7,381,scaffold
2,G000376545,2,146,381,scaffold
0,G000376545,3,70,381,scaffold
4,G000376545,4,46,381,scaffold
0,G000376545,5,39,381,scaffold
12,G000376545,6,20,381,scaffold
15,G000376545,7,23,381,scaffold
2,G000376545,8,33,381,scaffold
54,G000376545,9,19,381,scaffold
19,G000402455,1,5,381,scaffold
19,G000402455,10,3,381,scaffold
2,G000402455,11,9,381,scaffold
27,G000402455,12,9,381,scaffold
13,G000402455,13,4,381,scaffold
25,G000402455,14,1,381,scaffold
24,G000402455,16,3,381,scaffold
28,G000402455,2,4,381,scaffold
5,G000402455,20,2,381,scaffold
1,G000402455,21,8,381,scaffold
3,G000402455,22,2,381,scaffold
0,G000402455,25,4,381,scaffold
13,G000402455,27,2,381,scaffold
23,G000402455,28,2,381,scaffold
29,G000402455,29,3,381,scaffold
1,G000402455,3,8,381,scaffold
10,G000402455,32,4,381,scaffold
20,G000402455,35,2,381,scaffold
7,G000402455,36,2,381,scaffold
35,G000402455,38,2,381,scaffold
4,G000402455,5,2,381,scaffold
22,G000402455,6,4,381,scaffold
23,G000402455,7,2,381,scaffold
0,G000402455,8,2,381,scaffold
20,G000402455,9,2,381,scaffold
0,G000406925,1,59,381,scaffold
0,G000406925,10,18,381,scaffold
0,G000406925,11,12,381,scaffold
0,G000406925,12,19,381,scaffold
38,G000406925,13,7,381,scaffold
0,G000406925,14,13,381,scaffold
0,G000406925,15,10,381,scaffold
10,G000406925,16,7,381,scaffold
0,G000406925,17,16,381,scaffold
0,G000406925,18,14,381,scaffold
0,G000406925,19,5,381,scaffold
0,G000406925,2,51,381,scaffold
0,G000406925,20,8,381,scaffold
0,G000406925,22,4,381,scaffold
7,G000406925,23,4,381,scaffold
0,G000406925,25,8,381,scaffold
0,G000406925,26,8,381,scaffold
0,G000406925,27,6,381,scaffold
0,G000406925,28,14,381,scaffold
3,G000406925,29,3,381,scaffold
16,G000406925,3,10,381,scaffold
4,G000406925,30,4,381,scaffold
0,G000406925,32,5,381,scaffold
8,G000406925,33,2,381,scaffold
0,G000406925,4,28,381,scaffold
0,G000406925,5,16,381,scaffold
0,G000406925,6,29,381,scaffold
9,G000406925,7,11,381,scaffold
0,G000406925,8,22,381,scaffold
0,G000406925,9,21,381,scaffold
0,G000411155,1,126,381,scaffold
1,G000411155,2,106,381,scaffold
0,G000411155,3,31,381,scaffold
0,G000411155,4,33,381,scaffold
0,G000411155,5,36,381,scaffold
4,G000415565,1,151,381,scaffold
0,G000415565,2,71,381,scaffold
0,G000426285,1,100,381,scaffold
1,G000426285,10,30,381,scaffold
1,G000426285,11,32,381,scaffold
3,G000426285,12,12,381,scaffold
32,G000426285,13,11,381,scaffold
0,G000426285,14,29,381,scaffold
1,G000426285,15,26,381,scaffold
0,G000426285,16,28,381,scaffold
34,G000426285,17,18,381,scaffold
36,G000426285,18,9,381,scaffold
26,G000426285,19,17,381,scaffold
0,G000426285,2,42,381,scaffold
1,G000426285,20,16,381,scaffold
46,G000426285,21,8,381,scaffold
42,G000426285,22,9,381,scaffold
50,G000426285,23,10,381,scaffold
1,G000426285,24,14,381,scaffold
46,G000426285,25,10,381,scaffold
52,G000426285,26,5,381,scaffold
3,G000426285,27,11,381,scaffold
28,G000426285,28,9,381,scaffold
29,G000426285,29,3,381,scaffold
0,G000426285,3,60,381,scaffold
0,G000426285,31,8,381,scaffold
0,G000426285,32,8,381,scaffold
51,G000426285,33,7,381,scaffold
32,G000426285,35,4,381,scaffold
4,G000426285,39,2,381,scaffold
0,G000426285,4,49,381,scaffold
26,G000426285,41,4,381,scaffold
32,G000426285,42,3,381,scaffold
1,G000426285,46,6,381,scaffold
46,G000426285,47,2,381,scaffold
27,G000426285,48,5,381,scaffold
0,G000426285,5,38,381,scaffold
23,G000426285,6,36,381,scaffold
0,G000426285,7,37,381,scaffold
46,G000426285,8,22,381,scaffold
0,G000426285,9,46,381,scaffold
1,G000429025,1,59,381,scaffold
2,G000429025,10,39,381,scaffold
0,G000429025,11,36,381,scaffold
5,G000429025,12,19,381,scaffold
1,G000429025,13,26,381,scaffold
1,G000429025,14,19,381,scaffold
34,G000429025,15,8,381,scaffold
13,G000429025,16,9,381,scaffold
0,G000429025,17,28,381,scaffold
0,G000429025,18,16,381,scaffold
14,G000429025,19,4,381,scaffold
0,G000429025,2,107,381,scaffold
5,G000429025,20,10,381,scaffold
46,G000429025,21,15,381,scaffold
12,G000429025,22,10,381,scaffold
0,G000429025,23,15,381,scaffold
9,G000429025,24,10,381,scaffold
13,G000429025,25,7,381,scaffold
1,G000429025,26,8,381,scaffold
23,G000429025,27,9,381,scaffold
10,G000429025,28,4,381,scaffold
2,G000429025,29,10,381,scaffold
0,G000429025,3,85,381,scaffold
37,G000429025,30,8,381,scaffold
6,G000429025,31,2,381,scaffold
20,G000429025,32,8,381,scaffold
9,G000429025,33,6,381,scaffold
14,G000429025,34,2,381,scaffold
27,G000429025,35,6,381,scaffold
41,G000429025,36,2,381,scaffold
6,G000429025,38,6,381,scaffold
22,G000429025,39,3,381,scaffold
0,G000429025,4,36,381,scaffold
39,G000429025,41,5,381,scaffold
8,G000429025,43,6,381,scaffold
28,G000429025,44,3,381,scaffold
0,G000429025,45,5,381,scaffold
35,G000429025,47,4,381,scaffold
12,G000429025,48,2,381,scaffold
0,G000429025,49,3,381,scaffold
9,G000429025,5,36,381,scaffold
35,G000429025,51,3,381,scaffold
8,G000429025,52,4,381,scaffold
0,G000429025,54,3,381,scaffold
0,G000429025,6,68,381,scaffold
0,G000429025,7,44,381,scaffold
7,G000429025,8,11,381,scaffold
26,G000429025,9,13,381,scaffold
0,G000431835,1,32,381,scaffold
0,G000431835,10,16,381,scaffold
1,G000431835,11,20,381,scaffold
1,G000431835,12,7,381,scaffold
0,G000431835,13,10,381,scaffold
0,G000431835,14,7,381,scaffold
1,G000431835,15,9,381,scaffold
0,G000431835,16,17,381,scaffold
0,G000431835,17,8,381,scaffold
15,G000431835,18,8,381,scaffold
0,G000431835,19,4,381,scaffold
0,G000431835,2,37,381,scaffold
1,G000431835,20,6,381,scaffold
1,G000431835,21,6,381,scaffold
1,G000431835,22,7,381,scaffold
0,G000431835,24,7,381,scaffold
2,G000431835,25,6,381,scaffold
3,G000431835,26,5,381,scaffold
2,G000431835,27,3,381,scaffold
1,G000431835,29,7,381,scaffold
0,G000431835,3,29,381,scaffold
0,G000431835,31,3,381,scaffold
6,G000431835,32,3,381,scaffold
2,G000431835,34,5,381,scaffold
0,G000431835,4,25,381,scaffold
0,G000431835,5,17,381,scaffold
0,G000431835,6,14,381,scaffold
2,G000431835,7,7,381,scaffold
1,G000431835,8,23,381,scaffold
1,G000431835,9,15,381,scaffold
0,G000433735,1,37,381,scaffold
1,G000433735,10,18,381,scaffold
1,G000433735,11,10,381,scaffold
7,G000433735,12,12,381,scaffold
0,G000433735,13,13,381,scaffold
3,G000433735,14,10,381,scaffold
1,G000433735,15,14,381,scaffold
16,G000433735,16,7,381,scaffold
0,G000433735,17,9,381,scaffold
0,G000433735,18,4,381,scaffold
9,G000433735,19,4,381,scaffold
0,G000433735,2,24,381,scaffold
1,G000433735,20,9,381,scaffold
0,G000433735,21,9,381,scaffold
1,G000433735,22,10,381,scaffold
19,G000433735,23,3,381,scaffold
3,G000433735,24,5,381,scaffold
0,G000433735,25,9,381,scaffold
10,G000433735,26,5,381,scaffold
3,G000433735,27,6,381,scaffold
0,G000433735,28,12,381,scaffold
0,G000433735,29,9,381,scaffold
1,G000433735,3,12,381,scaffold
1,G000433735,30,2,381,scaffold
2,G000433735,31,4,381,scaffold
14,G000433735,32,4,381,scaffold
0,G000433735,33,3,381,scaffold
15,G000433735,34,8,381,scaffold
15,G000433735,35,4,381,scaffold
16,G000433735,36,7,381,scaffold
0,G000433735,37,10,381,scaffold
7,G000433735,39,1,381,scaffold
1,G000433735,4,21,381,scaffold
14,G000433735,40,3,381,scaffold
16,G000433735,41,3,381,scaffold
26,G000433735,43,2,381,scaffold
0,G000433735,46,5,381,scaffold
7,G000433735,47,2,381,scaffold
0,G000433735,5,13,381,scaffold
10,G000433735,51,2,381,scaffold
10,G000433735,53,2,381,scaffold
17,G000433735,54,3,381,scaffold
2,G000433735,6,14,381,scaffold
0,G000433735,7,7,381,scaffold
0,G000433735,8,18,381,scaffold
2,G000433735,9,15,381,scaffold
0,G000463355,1,183,381,scaffold
0,G000463355,2,53,381,scaffold
0,G000463355,3,43,381,scaffold
0,G000463355,4,32,381,scaffold
0,G000463355,5,4,381,scaffold
0,G000468615,2,1,381,scaffold
0,G000470825,1,211,381,scaffold
1,G000473865,1,39,381,scaffold
1,G000473865,10,16,381,scaffold
1,G000473865,11,10,381,scaffold
11,G000473865,12,11,381,scaffold
1,G000473865,13,27,381,scaffold
18,G000473865,14,12,381,scaffold
2,G000473865,15,9,381,scaffold
18,G000473865,16,10,381,scaffold
0,G000473865,17,18,381,scaffold
0,G000473865,18,11,381,scaffold
2,G000473865,19,22,381,scaffold
1,G000473865,2,31,381,scaffold
0,G000473865,20,10,381,scaffold
0,G000473865,21,6,381,scaffold
1,G000473865,22,9,381,scaffold
1,G000473865,23,6,381,scaffold
0,G000473865,24,7,381,scaffold
1,G000473865,25,4,381,scaffold
2,G000473865,26,8,381,scaffold
7,G000473865,27,7,381,scaffold
3,G000473865,28,6,381,scaffold
22,G000473865,29,4,381,scaffold
0,G000473865,3,32,381,scaffold
3,G000473865,30,3,381,scaffold
18,G000473865,31,5,381,scaffold
8,G000473865,33,4,381,scaffold
0,G000473865,34,8,381,scaffold
1,G000473865,36,8,381,scaffold
0,G000473865,37,11,381,scaffold
26,G000473865,38,4,381,scaffold
19,G000473865,39,4,381,scaffold
1,G000473865,4,19,381,scaffold
26,G000473865,40,5,381,scaffold
1,G000473865,41,4,381,scaffold
1,G000473865,42,5,381,scaffold
0,G000473865,43,3,381,scaffold
1,G000473865,45,5,381,scaffold
0,G000473865,5,16,381,scaffold
0,G000473865,6,30,381,scaffold
0,G000473865,7,25,381,scaffold
19,G000473865,9,5,381,scaffold
1,G000482325,1,151,381,scaffold
27,G000482325,10,21,381,scaffold
45,G000482325,11,10,381,scaffold
34,G000482325,12,20,381,scaffold
1,G000482325,13,24,381,scaffold
3,G000482325,14,23,381,scaffold
26,G000482325,15,19,381,scaffold
12,G000482325,16,8,381,scaffold
20,G000482325,17,8,381,scaffold
7,G000482325,18,18,381,scaffold
52,G000482325,19,13,381,scaffold
1,G000482325,2,96,381,scaffold
34,G000482325,20,9,381,scaffold
1,G000482325,21,12,381,scaffold
17,G000482325,22,3,381,scaffold
1,G000482325,23,9,381,scaffold
1,G000482325,24,11,381,scaffold
7,G000482325,25,17,381,scaffold
27,G000482325,26,2,381,scaffold
38,G000482325,27,6,381,scaffold
20,G000482325,28,3,381,scaffold
2,G000482325,3,42,381,scaffold
26,G000482325,31,2,381,scaffold
16,G000482325,32,2,381,scaffold
1,G000482325,33,3,381,scaffold
1,G000482325,4,44,381,scaffold
1,G000482325,5,38,381,scaffold
36,G000482325,6,13,381,scaffold
2,G000482325,7,20,381,scaffold
2,G000482325,8,26,381,scaffold
1,G000482325,9,31,381,scaffold
0,G000520495,1,42,381,scaffold
31,G000520495,10,10,381,scaffold
10,G000520495,11,18,381,scaffold
0,G000520495,12,16,381,scaffold
4,G000520495,13,17,381,scaffold
0,G000520495,14,19,381,scaffold
25,G000520495,15,10,381,scaffold
0,G000520495,16,10,381,scaffold
0,G000520495,17,16,381,scaffold
7,G000520495,18,15,381,scaffold
19,G000520495,19,7,381,scaffold
32,G000520495,2,17,381,scaffold
0,G000520495,20,10,381,scaffold
10,G000520495,21,6,381,scaffold
0,G000520495,22,16,381,scaffold
0,G000520495,23,16,381,scaffold
0,G000520495,24,12,381,scaffold
0,G000520495,25,10,381,scaffold
12,G000520495,26,4,381,scaffold
3,G000520495,27,4,381,scaffold
44,G000520495,28,3,381,scaffold
5,G000520495,29,10,381,scaffold
0,G000520495,3,19,381,scaffold
0,G000520495,31,11,381,scaffold
0,G000520495,32,10,381,scaffold
33,G000520495,33,3,381,scaffold
11,G000520495,34,3,381,scaffold
38,G000520495,35,10,381,scaffold
14,G000520495,36,6,381,scaffold
0,G000520495,38,3,381,scaffold
37,G000520495,39,4,381,scaffold
0,G000520495,4,23,381,scaffold
0,G000520495,40,8,381,scaffold
14,G000520495,41,2,381,scaffold
0,G000520495,42,10,381,scaffold
0,G000520495,43,5,381,scaffold
10,G000520495,44,3,381,scaffold
11,G000520495,47,4,381,scaffold
27,G000520495,48,4,381,scaffold
7,G000520495,49,5,381,scaffold
0,G000520495,5,19,381,scaffold
11,G000520495,52,3,381,scaffold
17,G000520495,53,4,381,scaffold
7,G000520495,54,2,381,scaffold
0,G000520495,55,5,381,scaffold
26,G000520495,56,4,381,scaffold
11,G000520495,57,6,381,scaffold
15,G000520495,58,3,381,scaffold
0,G000520495,6,14,381,scaffold
5,G000520495,61,4,381,scaffold
10,G000520495,62,2,381,scaffold
56,G000520495,65,3,381,scaffold
0,G000520495,7,24,381,scaffold
13,G000520495,72,3,381,scaffold
0,G000520495,75,4,381,scaffold
0,G000520495,8,13,381,scaffold
17,G000520495,84,3,381,scaffold
0,G000520495,85,1,381,scaffold
16,G000520495,9,8,381,scaffold
0,G000607225,1,96,381,scaffold
3,G000607225,2,72,381,scaffold
0,G000607225,3,44,381,scaffold
0,G000607225,4,34,381,scaffold
4,G000607225,5,21,381,scaffold
0,G000607225,6,8,381,scaffold
3,G000607225,7,24,381,scaffold
4,G000607225,8,5,381,scaffold
1,G000607225,9,5,381,scaffold
1,G000621865,1,40,381,scaffold
1,G000621865,10,23,381,scaffold
0,G000621865,11,36,381,scaffold
0,G000621865,12,16,381,scaffold
1,G000621865,13,17,381,scaffold
1,G000621865,14,8,381,scaffold
32,G000621865,15,3,381,scaffold
1,G000621865,16,16,381,scaffold
1,G000621865,17,9,381,scaffold
1,G000621865,18,5,381,scaffold
21,G000621865,19,3,381,scaffold
1,G000621865,2,44,381,scaffold
1,G000621865,20,10,381,scaffold
44,G000621865,21,2,381,scaffold
20,G000621865,22,3,381,scaffold
1,G000621865,3,29,381,scaffold
1,G000621865,4,39,381,scaffold
1,G000621865,5,33,381,scaffold
1,G000621865,6,39,381,scaffold
1,G000621865,7,32,381,scaffold
1,G000621865,8,18,381,scaffold
1,G000621865,9,20,381,scaffold
3,G000633415,3,3,381,scaffold
2,G000633455,1,50,381,scaffold
4,G000633455,10,20,381,scaffold
4,G000633455,11,21,381,scaffold
1,G000633455,12,30,381,scaffold
37,G000633455,13,4,381,scaffold
36,G000633455,14,10,381,scaffold
5,G000633455,15,24,381,scaffold
2,G000633455,16,19,381,scaffold
31,G000633455,17,3,381,scaffold
16,G000633455,18,3,381,scaffold
14,G000633455,19,6,381,scaffold
2,G000633455,2,39,381,scaffold
18,G000633455,20,2,381,scaffold
2,G000633455,21,19,381,scaffold
1,G000633455,22,17,381,scaffold
35,G000633455,23,4,381,scaffold
9,G000633455,24,2,381,scaffold
2,G000633455,25,14,381,scaffold
31,G000633455,26,6,381,scaffold
2,G000633455,27,6,381,scaffold
40,G000633455,28,2,381,scaffold
4,G000633455,29,5,381,scaffold
4,G000633455,3,43,381,scaffold
1,G000633455,30,9,381,scaffold
10,G000633455,31,8,381,scaffold
14,G000633455,33,5,381,scaffold
4,G000633455,34,8,381,scaffold
4,G000633455,35,7,381,scaffold
2,G000633455,36,8,381,scaffold
4,G000633455,37,6,381,scaffold
2,G000633455,38,4,381,scaffold
31,G000633455,39,5,381,scaffold
4,G000633455,4,26,381,scaffold
0,G000633455,41,2,381,scaffold
8,G000633455,45,2,381,scaffold
1,G000633455,5,33,381,scaffold
2,G000633455,6,26,381,scaffold
9,G000633455,7,5,381,scaffold
2,G000633455,8,23,381,scaffold
10,G000633455,9,13,381,scaffold
6,G000709085,1,21,381,scaffold
11,G000709085,10,8,381,scaffold
2,G000709085,11,8,381,scaffold
3,G000709085,12,14,381,scaffold
22,G000709085,13,4,381,scaffold
2,G000709085,14,14,381,scaffold
2,G000709085,15,14,381,scaffold
19,G000709085,16,7,381,scaffold
17,G000709085,17,14,381,scaffold
4,G000709085,18,12,381,scaffold
2,G000709085,19,9,381,scaffold
18,G000709085,2,16,381,scaffold
2,G000709085,20,9,381,scaffold
2,G000709085,21,15,381,scaffold
5,G000709085,22,4,381,scaffold
5,G000709085,23,6,381,scaffold
2,G000709085,24,12,381,scaffold
5,G000709085,25,4,381,scaffold
2,G000709085,26,11,381,scaffold
2,G000709085,27,5,381,scaffold
2,G000709085,28,8,381,scaffold
2,G000709085,29,12,381,scaffold
0,G000709085,3,33,381,scaffold
0,G000709085,30,9,381,scaffold
30,G000709085,31,2,381,scaffold
11,G000709085,32,7,381,scaffold
0,G000709085,33,9,381,scaffold
0,G000709085,34,11,381,scaffold
5,G000709085,35,6,381,scaffold
4,G000709085,37,9,381,scaffold
2,G000709085,38,5,381,scaffold
2,G000709085,39,4,381,scaffold
3,G000709085,4,19,381,scaffold
18,G000709085,40,5,381,scaffold
2,G000709085,41,8,381,scaffold
15,G000709085,42,4,381,scaffold
5,G000709085,43,4,381,scaffold
2,G000709085,44,5,381,scaffold
28,G000709085,47,3,381,scaffold
7,G000709085,48,5,381,scaffold
5,G000709085,49,5,381,scaffold
2,G000709085,5,11,381,scaffold
28,G000709085,50,4,381,scaffold
2,G000709085,51,4,381,scaffold
2,G000709085,52,5,381,scaffold
18,G000709085,54,4,381,scaffold
8,G000709085,55,5,381,scaffold
34,G000709085,57,3,381,scaffold
40,G000709085,58,3,381,scaffold
2,G000709085,59,5,381,scaffold
14,G000709085,6,12,381,scaffold
15,G000709085,60,4,381,scaffold
2,G000709085,61,4,381,scaffold
2,G000709085,62,4,381,scaffold
5,G000709085,63,3,381,scaffold
4,G000709085,64,3,381,scaffold
31,G000709085,66,2,381,scaffold
5,G000709085,67,5,381,scaffold
2,G000709085,68,4,381,scaffold
4,G000709085,69,3,381,scaffold
2,G000709085,7,17,381,scaffold
5,G000709085,70,2,381,scaffold
2,G000709085,72,3,381,scaffold
13,G000709085,73,4,381,scaffold
2,G000709085,74,1,381,scaffold
11,G000709085,76,1,381,scaffold
20,G000709085,77,5,381,scaffold
3,G000709085,78,4,381,scaffold
41,G000709085,8,10,381,scaffold
9,G000709085,80,2,381,scaffold
5,G000709085,9,8,381,scaffold
4,G000718015,1,3,381,scaffold
48,G000718095,3,3,381,scaffold
6,G000718095,5,4,381,scaffold
28,G000721105,6,1,381,scaffold
0,G000735105,1,129,381,scaffold
0,G000735105,2,96,381,scaffold
0,G000735105,3,88,381,scaffold
0,G000735105,4,38,381,scaffold
0,G000735105,5,16,381,scaffold
0,G000735105,6,27,381,scaffold
0,G000735105,7,19,381,scaffold
0,G000735105,8,15,381,scaffold
1,G000735105,9,5,381,scaffold
1,G000737765,1,150,381,scaffold
0,G000737765,10,12,381,scaffold
16,G000737765,12,4,381,scaffold
0,G000737765,2,112,381,scaffold
5,G000737765,3,35,381,scaffold
0,G000737765,4,49,381,scaffold
5,G000737765,5,32,381,scaffold
3,G000737765,6,29,381,scaffold
0,G000737765,7,30,381,scaffold
0,G000737765,8,17,381,scaffold
5,G000737765,9,8,381,scaffold
1,G000740805,1,14,381,scaffold
1,G000740805,10,7,381,scaffold
1,G000740805,11,8,381,scaffold
17,G000740805,12,1,381,scaffold
1,G000740805,13,6,381,scaffold
1,G000740805,14,7,381,scaffold
1,G000740805,15,7,381,scaffold
1,G000740805,16,5,381,scaffold
1,G000740805,17,3,381,scaffold
2,G000740805,18,6,381,scaffold
1,G000740805,2,19,381,scaffold
1,G000740805,20,7,381,scaffold
1,G000740805,21,4,381,scaffold
1,G000740805,22,5,381,scaffold
1,G000740805,24,7,381,scaffold
1,G000740805,25,6,381,scaffold
1,G000740805,27,5,381,scaffold
15,G000740805,28,2,381,scaffold
1,G000740805,29,3,381,scaffold
1,G000740805,3,14,381,scaffold
8,G000740805,31,4,381,scaffold
1,G000740805,32,6,381,scaffold
28,G000740805,33,3,381,scaffold
1,G000740805,37,3,381,scaffold
1,G000740805,39,3,381,scaffold
1,G000740805,4,12,381,scaffold
8,G000740805,40,3,381,scaffold
1,G000740805,41,3,381,scaffold
1,G000740805,42,6,381,scaffold
1,G000740805,43,3,381,scaffold
35,G000740805,44,2,381,scaffold
1,G000740805,5,11,381,scaffold
1,G000740805,6,10,381,scaffold
1,G000740805,8,7,381,scaffold
1,G000740805,9,3,381,scaffold
1,G000745135,1,191,381,scaffold
1,G000745135,2,118,381,scaffold
1,G000745135,3,74,381,scaffold
0,G000745135,4,87,381,scaffold
1,G000745135,5,34,381,scaffold
1,G000745135,6,20,381,scaffold
12,G000745135,7,10,381,scaffold
33,G000745135,8,7,381,scaffold
0,G000750635,1,112,381,scaffold
14,G000750635,10,11,381,scaffold
32,G000750635,11,17,381,scaffold
12,G000750635,12,22,381,scaffold
0,G000750635,13,26,381,scaffold
0,G000750635,14,25,381,scaffold
50,G000750635,15,12,381,scaffold
32,G000750635,16,11,381,scaffold
0,G000750635,17,10,381,scaffold
6,G000750635,18,11,381,scaffold
35,G000750635,19,9,381,scaffold
0,G000750635,2,84,381,scaffold
17,G000750635,20,6,381,scaffold
47,G000750635,22,9,381,scaffold
0,G000750635,3,95,381,scaffold
0,G000750635,4,48,381,scaffold
0,G000750635,5,60,381,scaffold
8,G000750635,6,34,381,scaffold
0,G000750635,7,34,381,scaffold
0,G000750635,8,34,381,scaffold
34,G000750635,9,15,381,scaffold
1,G000799305,1,65,381,scaffold
1,G000799305,10,60,381,scaffold
0,G000799305,11,47,381,scaffold
7,G000799305,12,41,381,scaffold
1,G000799305,13,43,381,scaffold
38,G000799305,14,12,381,scaffold
1,G000799305,15,20,381,scaffold
19,G000799305,16,15,381,scaffold
3,G000799305,17,30,381,scaffold
8,G000799305,18,20,381,scaffold
42,G000799305,19,9,381,scaffold
7,G000799305,2,49,381,scaffold
46,G000799305,20,6,381,scaffold
34,G000799305,21,8,381,scaffold
11,G000799305,22,8,381,scaffold
7,G000799305,24,6,381,scaffold
7,G000799305,3,66,381,scaffold
2,G000799305,4,56,381,scaffold
1,G000799305,5,35,381,scaffold
2,G000799305,6,38,381,scaffold
2,G000799305,7,35,381,scaffold
8,G000799305,8,31,381,scaffold
9,G000799305,9,37,381,scaffold
1,G000800155,1,167,381,scaffold
0,G000800155,2,90,381,scaffold
1,G000800155,3,73,381,scaffold
1,G000800155,4,45,381,scaffold
1,G000800155,5,43,381,scaffold
1,G000800155,6,15,381,scaffold
0,G000800155,7,19,381,scaffold
1,G000800155,8,13,381,scaffold
1,G000800155,9,6,381,scaffold
0,G000829905,1,112,381,scaffold
4,G000829905,2,85,381,scaffold
0,G000829905,3,91,381,scaffold
0,G000829905,4,56,381,scaffold
0,G000829905,5,42,381,scaffold
0,G000829905,6,29,381,scaffold
0,G000964915,1,25,381,scaffold
4,G000964915,10,10,381,scaffold
4,G000964915,11,10,381,scaffold
2,G000964915,12,10,381,scaffold
1,G000964915,13,7,381,scaffold
0,G000964915,14,7,381,scaffold
1,G000964915,15,2,381,scaffold
1,G000964915,16,6,381,scaffold
0,G000964915,17,1,381,scaffold
2,G000964915,18,5,381,scaffold
1,G000964915,19,5,381,scaffold
4,G000964915,2,15,381,scaffold
14,G000964915,20,3,381,scaffold
0,G000964915,21,5,381,scaffold
2,G000964915,22,2,381,scaffold
2,G000964915,23,3,381,scaffold
0,G000964915,26,3,381,scaffold
0,G000964915,27,4,381,scaffold
1,G000964915,3,15,381,scaffold
0,G000964915,30,4,381,scaffold
0,G000964915,31,2,381,scaffold
1,G000964915,33,3,381,scaffold
0,G000964915,34,3,381,scaffold
0,G000964915,4,16,381,scaffold
0,G000964915,5,8,381,scaffold
2,G000964915,6,18,381,scaffold
1,G000964915,7,2,381,scaffold
0,G000964915,8,7,381,scaffold
1,G000964915,9,11,381,scaffold
0,G000972495,1,91,381,scaffold
2,G000972495,10,25,381,scaffold
2,G000972495,11,9,381,scaffold
2,G000972495,12,16,381,scaffold
6,G000972495,13,5,381,scaffold
0,G000972495,14,7,381,scaffold
0,G000972495,15,3,381,scaffold
2,G000972495,16,10,381,scaffold
32,G000972495,17,15,381,scaffold
0,G000972495,18,9,381,scaffold
2,G000972495,19,9,381,scaffold
0,G000972495,2,38,381,scaffold
2,G000972495,20,12,381,scaffold
0,G000972495,21,6,381,scaffold
9,G000972495,22,6,381,scaffold
2,G000972495,23,4,381,scaffold
9,G000972495,24,3,381,scaffold
9,G000972495,25,10,381,scaffold
21,G000972495,26,3,381,scaffold
2,G000972495,28,8,381,scaffold
2,G000972495,29,7,381,scaffold
0,G000972495,3,28,381,scaffold
12,G000972495,30,8,381,scaffold
2,G000972495,32,2,381,scaffold
2,G000972495,34,7,381,scaffold
2,G000972495,35,5,381,scaffold
0,G000972495,36,12,381,scaffold
12,G000972495,37,3,381,scaffold
0,G000972495,4,30,381,scaffold
0,G000972495,40,7,381,scaffold
2,G000972495,45,5,381,scaffold
0,G000972495,5,19,381,scaffold
2,G000972495,53,2,381,scaffold
0,G000972495,55,3,381,scaffold
3,G000972495,57,2,381,scaffold
2,G000972495,6,21,381,scaffold
2,G000972495,7,24,381,scaffold
0,G000972495,8,17,381,scaffold
2,G000972495,9,16,381,scaffold
1,G000972925,1,23,381,scaffold
1,G000972925,10,19,381,scaffold
7,G000972925,100,4,381,scaffold
0,G000972925,101,3,381,scaffold
1,G000972925,102,5,381,scaffold
1,G000972925,104,3,381,scaffold
2,G000972925,11,9,381,scaffold
1,G000972925,12,16,381,scaffold
4,G000972925,13,7,381,scaffold
2,G000972925,14,7,381,scaffold
1,G000972925,15,12,381,scaffold
1,G000972925,16,6,381,scaffold
1,G000972925,17,9,381,scaffold
2,G000972925,18,9,381,scaffold
12,G000972925,19,6,381,scaffold
1,G000972925,2,23,381,scaffold
2,G000972925,20,13,381,scaffold
4,G000972925,21,12,381,scaffold
25,G000972925,22,5,381,scaffold
1,G000972925,23,7,381,scaffold
27,G000972925,24,4,381,scaffold
4,G000972925,25,5,381,scaffold
1,G000972925,26,7,381,scaffold
31,G000972925,27,9,381,scaffold
1,G000972925,28,5,381,scaffold
2,G000972925,29,9,381,scaffold
0,G000972925,3,24,381,scaffold
2,G000972925,30,3,381,scaffold
4,G000972925,31,2,381,scaffold
17,G000972925,32,4,381,scaffold
1,G000972925,33,9,381,scaffold
0,G000972925,35,8,381,scaffold
14,G000972925,36,4,381,scaffold
27,G000972925,37,5,381,scaffold
14,G000972925,38,6,381,scaffold
7,G000972925,39,2,381,scaffold
1,G000972925,4,8,381,scaffold
5,G000972925,40,3,381,scaffold
4,G000972925,41,7,381,scaffold
1,G000972925,42,5,381,scaffold
15,G000972925,43,4,381,scaffold
7,G000972925,44,2,381,scaffold
1,G000972925,46,4,381,scaffold
17,G000972925,47,4,381,scaffold
1,G000972925,48,2,381,scaffold
4,G000972925,49,5,381,scaffold
4,G000972925,5,11,381,scaffold
30,G000972925,51,4,381,scaffold
0,G000972925,52,3,381,scaffold
0,G000972925,53,3,381,scaffold
4,G000972925,54,2,381,scaffold
0,G000972925,56,6,381,scaffold
4,G000972925,57,3,381,scaffold
33,G000972925,58,4,381,scaffold
0,G000972925,59,13,381,scaffold
1,G000972925,6,10,381,scaffold
17,G000972925,60,3,381,scaffold
1,G000972925,61,2,381,scaffold
1,G000972925,62,6,381,scaffold
1,G000972925,65,8,381,scaffold
36,G000972925,67,3,381,scaffold
7,G000972925,68,5,381,scaffold
1,G000972925,69,4,381,scaffold
1,G000972925,7,15,381,scaffold
1,G000972925,70,6,381,scaffold
18,G000972925,72,3,381,scaffold
1,G000972925,73,3,381,scaffold
18,G000972925,74,3,381,scaffold
0,G000972925,76,4,381,scaffold
15,G000972925,77,2,381,scaffold
54,G000972925,78,3,381,scaffold
2,G000972925,79,4,381,scaffold
1,G000972925,8,11,381,scaffold
1,G000972925,80,2,381,scaffold
38,G000972925,81,2,381,scaffold
2,G000972925,82,4,381,scaffold
2,G000972925,83,4,381,scaffold
1,G000972925,84,6,381,scaffold
28,G000972925,85,2,381,scaffold
8,G000972925,86,4,381,scaffold
1,G000972925,87,3,381,scaffold
1,G000972925,89,3,381,scaffold
2,G000972925,9,9,381,scaffold
0,G000972925,90,4,381,scaffold
43,G000972925,93,2,381,scaffold
1,G000972925,94,5,381,scaffold
30,G000972925,95,2,381,scaffold
37,G000972925,96,4,381,scaffold
1,G000972925,97,3,381,scaffold
1,G000972925,99,2,381,scaffold
9,G000978935,1,10,381,scaffold
12,G000978935,10,4,381,scaffold
14,G000978935,11,10,381,scaffold
9,G000978935,12,9,381,scaffold
16,G000978935,13,9,381,scaffold
17,G000978935,14,9,381,scaffold
12,G000978935,15,11,381,scaffold
18,G000978935,16,6,381,scaffold
12,G000978935,17,8,381,scaffold
9,G000978935,18,3,381,scaffold
12,G000978935,19,4,381,scaffold
12,G000978935,2,9,381,scaffold
20,G000978935,20,6,381,scaffold
12,G000978935,21,6,381,scaffold
12,G000978935,22,6,381,scaffold
6,G000978935,23,4,381,scaffold
17,G000978935,24,3,381,scaffold
12,G000978935,25,6,381,scaffold
12,G000978935,26,3,381,scaffold
12,G000978935,27,3,381,scaffold
30,G000978935,29,2,381,scaffold
12,G000978935,3,13,381,scaffold
12,G000978935,30,2,381,scaffold
6,G000978935,31,5,381,scaffold
12,G000978935,32,6,381,scaffold
10,G000978935,33,2,381,scaffold
35,G000978935,34,3,381,scaffold
12,G000978935,36,4,381,scaffold
13,G000978935,37,3,381,scaffold
2,G000978935,38,8,381,scaffold
9,G000978935,39,6,381,scaffold
12,G000978935,4,15,381,scaffold
9,G000978935,41,6,381,scaffold
12,G000978935,42,5,381,scaffold
12,G000978935,43,4,381,scaffold
2,G000978935,44,3,381,scaffold
12,G000978935,45,3,381,scaffold
12,G000978935,48,2,381,scaffold
2,G000978935,5,6,381,scaffold
30,G000978935,50,4,381,scaffold
12,G000978935,51,2,381,scaffold
12,G000978935,53,2,381,scaffold
9,G000978935,54,3,381,scaffold
8,G000978935,55,4,381,scaffold
12,G000978935,57,3,381,scaffold
36,G000978935,58,1,381,scaffold
12,G000978935,6,14,381,scaffold
12,G000978935,62,2,381,scaffold
30,G000978935,64,2,381,scaffold
12,G000978935,7,10,381,scaffold
21,G000978935,71,5,381,scaffold
30,G000978935,72,2,381,scaffold
6,G000978935,74,1,381,scaffold
6,G000978935,75,2,381,scaffold
6,G000978935,77,1,381,scaffold
9,G000978935,8,7,381,scaffold
28,G000978935,83,3,381,scaffold
12,G000978935,9,8,381,scaffold
0,G000981645,1,37,381,scaffold
4,G000981645,10,12,381,scaffold
6,G000981645,11,12,381,scaffold
0,G000981645,12,13,381,scaffold
3,G000981645,13,13,381,scaffold
19,G000981645,14,12,381,scaffold
0,G000981645,15,12,381,scaffold
26,G000981645,16,8,381,scaffold
31,G000981645,17,4,381,scaffold
12,G000981645,18,9,381,scaffold
1,G000981645,19,9,381,scaffold
6,G000981645,2,26,381,scaffold
3,G000981645,20,6,381,scaffold
1,G000981645,21,6,381,scaffold
6,G000981645,22,4,381,scaffold
4,G000981645,23,2,381,scaffold
2,G000981645,24,4,381,scaffold
7,G000981645,25,5,381,scaffold
1,G000981645,26,13,381,scaffold
4,G000981645,27,6,381,scaffold
8,G000981645,28,4,381,scaffold
0,G000981645,3,23,381,scaffold
1,G000981645,30,7,381,scaffold
3,G000981645,31,4,381,scaffold
1,G000981645,32,4,381,scaffold
27,G000981645,33,6,381,scaffold
2,G000981645,34,4,381,scaffold
8,G000981645,35,6,381,scaffold
8,G000981645,37,3,381,scaffold
8,G000981645,38,4,381,scaffold
6,G000981645,4,13,381,scaffold
1,G000981645,40,2,381,scaffold
8,G000981645,41,3,381,scaffold
4,G000981645,43,3,381,scaffold
29,G000981645,5,12,381,scaffold
0,G000981645,6,21,381,scaffold
0,G000981645,7,25,381,scaffold
1,G000981645,8,16,381,scaffold
3,G000981645,9,10,381,scaffold
0,G000982715,4,3,381,scaffold
2,G000994325,1,23,381,scaffold
2,G000994325,10,6,381,scaffold
2,G000994325,11,9,381,scaffold
1,G000994325,13,5,381,scaffold
2,G000994325,18,2,381,scaffold
2,G000994325,2,9,381,scaffold
0,G000994325,3,21,381,scaffold
3,G000994325,4,7,381,scaffold
2,G000994325,5,7,381,scaffold
3,G000994325,6,11,381,scaffold
2,G000994325,7,7,381,scaffold
2,G000994325,8,7,381,scaffold
2,G000994325,9,4,381,scaffold
3,G000994355,1,6,381,scaffold
0,G000994355,10,4,381,scaffold
0,G000994355,12,2,381,scaffold
1,G000994355,13,3,381,scaffold
3,G000994355,14,2,381,scaffold
3,G000994355,15,5,381,scaffold
36,G000994355,16,2,381,scaffold
1,G000994355,17,6,381,scaffold
2,G000994355,18,6,381,scaffold
2,G000994355,2,2,381,scaffold
3,G000994355,20,3,381,scaffold
1,G000994355,21,4,381,scaffold
1,G000994355,22,5,381,scaffold
1,G000994355,23,3,381,scaffold
3,G000994355,24,7,381,scaffold
0,G000994355,25,2,381,scaffold
0,G000994355,26,4,381,scaffold
2,G000994355,3,2,381,scaffold
0,G000994355,4,8,381,scaffold
0,G000994355,5,5,381,scaffold
1,G000994355,6,3,381,scaffold
3,G000994355,7,4,381,scaffold
3,G000994355,8,7,381,scaffold
3,G000994355,9,4,381,scaffold
0,G000996665,1,31,381,scaffold
0,G000996665,10,7,381,scaffold
2,G000996665,12,8,381,scaffold
1,G000996665,13,5,381,scaffold
2,G000996665,2,11,381,scaffold
0,G000996665,3,12,381,scaffold
2,G000996665,4,19,381,scaffold
3,G000996665,5,6,381,scaffold
2,G000996665,7,4,381,scaffold
3,G000996665,8,5,381,scaffold
2,G000996665,9,2,381,scaffold
0,G001000105,1,32,381,scaffold
2,G001000105,10,3,381,scaffold
4,G001000105,12,5,381,scaffold
7,G001000105,14,3,381,scaffold
0,G001000105,16,5,381,scaffold
0,G001000105,2,17,381,scaffold
0,G001000105,3,20,381,scaffold
16,G001000105,4,11,381,scaffold
20,G001000105,5,10,381,scaffold
6,G001000105,6,10,381,scaffold
0,G001000105,7,10,381,scaffold
25,G001000105,8,11,381,scaffold
1,G001001375,1,12,381,scaffold
1,G001001375,12,3,381,scaffold
1,G001001375,14,3,381,scaffold
35,G001001375,15,2,381,scaffold
1,G001001375,17,4,381,scaffold
1,G001001375,18,2,381,scaffold
1,G001001375,2,13,381,scaffold
1,G001001375,20,5,381,scaffold
2,G001001375,22,3,381,scaffold
1,G001001375,25,3,381,scaffold
1,G001001375,3,18,381,scaffold
1,G001001375,4,8,381,scaffold
1,G001001375,5,10,381,scaffold
1,G001001375,6,7,381,scaffold
1,G001001375,7,10,381,scaffold
1,G001001375,8,7,381,scaffold
1,G001001375,9,4,381,scaffold
5,G001003845,1,18,381,scaffold
11,G001003845,10,7,381,scaffold
29,G001003845,11,3,381,scaffold
6,G001003845,12,10,381,scaffold
11,G001003845,13,9,381,scaffold
27,G001003845,14,3,381,scaffold
26,G001003845,15,1,381,scaffold
19,G001003845,16,1,381,scaffold
26,G001003845,17,3,381,scaffold
11,G001003845,2,10,381,scaffold
29,G001003845,3,9,381,scaffold
6,G001003845,4,14,381,scaffold
17,G001003845,5,10,381,scaffold
29,G001003845,6,6,381,scaffold
9,G001003845,7,4,381,scaffold
6,G001003845,8,5,381,scaffold
47,G001003845,9,4,381,scaffold
0,G001004305,1,14,381,scaffold
0,G001004305,10,6,381,scaffold
0,G001004305,13,8,381,scaffold
0,G001004305,15,5,381,scaffold
0,G001004305,16,4,381,scaffold
0,G001004305,17,4,381,scaffold
0,G001004305,18,3,381,scaffold
0,G001004305,2,12,381,scaffold
0,G001004305,20,2,381,scaffold
0,G001004305,3,8,381,scaffold
0,G001004305,4,11,381,scaffold
0,G001004305,5,9,381,scaffold
0,G001004305,7,7,381,scaffold
0,G001004305,8,12,381,scaffold
0,G001004305,9,9,381,scaffold
0,G001273775,1,134,381,scaffold
1,G001273775,2,100,381,scaffold
0,G001273775,3,98,381,scaffold
0,G001273775,4,81,381,scaffold
37,G001273775,5,10,381,scaffold
38,G001273775,6,13,381,scaffold
4,G001273775,7,14,381,scaffold
4,G001273775,8,7,381,scaffold
25,G001273775,9,12,381,scaffold
0,G001317355,1,88,381,scaffold
2,G001317355,10,26,381,scaffold
18,G001317355,11,21,381,scaffold
22,G001317355,12,12,381,scaffold
18,G001317355,13,15,381,scaffold
31,G001317355,14,5,381,scaffold
18,G001317355,15,8,381,scaffold
0,G001317355,16,22,381,scaffold
12,G001317355,17,6,381,scaffold
4,G001317355,18,6,381,scaffold
5,G001317355,19,11,381,scaffold
12,G001317355,2,57,381,scaffold
17,G001317355,20,5,381,scaffold
7,G001317355,21,6,381,scaffold
18,G001317355,22,5,381,scaffold
5,G001317355,23,3,381,scaffold
6,G001317355,27,2,381,scaffold
6,G001317355,28,1,381,scaffold
1,G001317355,3,56,381,scaffold
2,G001317355,30,1,381,scaffold
19,G001317355,31,4,381,scaffold
9,G001317355,4,45,381,scaffold
0,G001317355,5,43,381,scaffold
3,G001317355,6,37,381,scaffold
1,G001317355,7,47,381,scaffold
2,G001317355,8,46,381,scaffold
8,G001317355,9,22,381,scaffold
0,G001422205,1,2,381,scaffold
1,G001427865,1,238,381,scaffold
0,G001427865,2,68,381,scaffold
4,G001427865,3,73,381,scaffold
5,G001427865,4,10,381,scaffold
2,G001427865,5,7,381,scaffold
0,G001476695,1,77,381,scaffold
0,G001476695,10,28,381,scaffold
0,G001476695,11,20,381,scaffold
15,G001476695,12,6,381,scaffold
0,G001476695,13,15,381,scaffold
0,G001476695,14,15,381,scaffold
0,G001476695,15,8,381,scaffold
1,G001476695,16,19,381,scaffold
0,G001476695,17,10,381,scaffold
26,G001476695,18,5,381,scaffold
0,G001476695,19,11,381,scaffold
0,G001476695,2,44,381,scaffold
15,G001476695,20,2,381,scaffold
38,G001476695,21,4,381,scaffold
28,G001476695,22,2,381,scaffold
0,G001476695,23,8,381,scaffold
17,G001476695,24,4,381,scaffold
11,G001476695,25,4,381,scaffold
0,G001476695,28,4,381,scaffold
0,G001476695,3,17,381,scaffold
0,G001476695,4,26,381,scaffold
0,G001476695,5,36,381,scaffold
0,G001476695,6,45,381,scaffold
0,G001476695,7,29,381,scaffold
32,G001476695,8,12,381,scaffold
0,G001476695,9,23,381,scaffold
1,G001513145,1,30,381,scaffold
12,G001513145,10,9,381,scaffold
22,G001513145,11,16,381,scaffold
19,G001513145,12,21,381,scaffold
21,G001513145,13,10,381,scaffold
9,G001513145,14,12,381,scaffold
14,G001513145,15,10,381,scaffold
11,G001513145,16,9,381,scaffold
35,G001513145,17,4,381,scaffold
16,G001513145,18,5,381,scaffold
9,G001513145,19,3,381,scaffold
3,G001513145,2,25,381,scaffold
1,G001513145,20,4,381,scaffold
18,G001513145,21,9,381,scaffold
15,G001513145,22,3,381,scaffold
10,G001513145,23,3,381,scaffold
12,G001513145,24,4,381,scaffold
21,G001513145,25,5,381,scaffold
12,G001513145,27,3,381,scaffold
9,G001513145,28,6,381,scaffold
14,G001513145,29,2,381,scaffold
12,G001513145,3,23,381,scaffold
13,G001513145,4,33,381,scaffold
12,G001513145,5,34,381,scaffold
23,G001513145,6,33,381,scaffold
15,G001513145,7,21,381,scaffold
13,G001513145,8,14,381,scaffold
9,G001513145,9,19,381,scaffold
0,G001603165,1,22,381,scaffold
0,G001603165,10,10,381,scaffold
0,G001603165,11,12,381,scaffold
0,G001603165,12,4,381,scaffold
14,G001603165,13,7,381,scaffold
4,G001603165,14,5,381,scaffold
0,G001603165,15,10,381,scaffold
0,G001603165,16,5,381,scaffold
0,G001603165,17,12,381,scaffold
0,G001603165,18,10,381,scaffold
0,G001603165,19,10,381,scaffold
0,G001603165,2,28,381,scaffold
0,G001603165,20,9,381,scaffold
0,G001603165,21,8,381,scaffold
0,G001603165,22,9,381,scaffold
0,G001603165,23,6,381,scaffold
0,G001603165,24,11,381,scaffold
5,G001603165,25,2,381,scaffold
0,G001603165,26,6,381,scaffold
0,G001603165,27,3,381,scaffold
0,G001603165,28,6,381,scaffold
0,G001603165,29,6,381,scaffold
5,G001603165,3,16,381,scaffold
0,G001603165,30,8,381,scaffold
2,G001603165,31,4,381,scaffold
17,G001603165,32,5,381,scaffold
0,G001603165,33,4,381,scaffold
0,G001603165,34,5,381,scaffold
0,G001603165,35,3,381,scaffold
4,G001603165,36,6,381,scaffold
1,G001603165,38,6,381,scaffold
0,G001603165,39,4,381,scaffold
0,G001603165,4,21,381,scaffold
14,G001603165,40,2,381,scaffold
2,G001603165,41,3,381,scaffold
5,G001603165,42,2,381,scaffold
0,G001603165,43,4,381,scaffold
16,G001603165,44,2,381,scaffold
2,G001603165,46,4,381,scaffold
1,G001603165,49,2,381,scaffold
8,G001603165,5,13,381,scaffold
0,G001603165,50,2,381,scaffold
0,G001603165,51,2,381,scaffold
0,G001603165,56,3,381,scaffold
0,G001603165,6,14,381,scaffold
0,G001603165,7,22,381,scaffold
0,G001603165,8,12,381,scaffold
0,G001603165,9,17,381,scaffold
6,G001612765,1,30,381,scaffold
0,G001612765,10,34,381,scaffold
44,G001612765,11,14,381,scaffold
1,G001612765,12,15,381,scaffold
48,G001612765,13,17,381,scaffold
6,G001612765,14,23,381,scaffold
1,G001612765,15,23,381,scaffold
4,G001612765,16,10,381,scaffold
18,G001612765,17,14,381,scaffold
2,G001612765,18,19,381,scaffold
0,G001612765,19,13,381,scaffold
2,G001612765,2,31,381,scaffold
1,G001612765,20,26,381,scaffold
14,G001612765,21,7,381,scaffold
0,G001612765,22,9,381,scaffold
19,G001612765,23,8,381,scaffold
15,G001612765,24,7,381,scaffold
5,G001612765,25,7,381,scaffold
21,G001612765,26,5,381,scaffold
0,G001612765,27,19,381,scaffold
10,G001612765,28,11,381,scaffold
14,G001612765,29,13,381,scaffold
7,G001612765,3,24,381,scaffold
39,G001612765,30,6,381,scaffold
29,G001612765,31,9,381,scaffold
1,G001612765,32,13,381,scaffold
8,G001612765,33,8,381,scaffold
23,G001612765,34,7,381,scaffold
0,G001612765,35,9,381,scaffold
12,G001612765,36,8,381,scaffold
25,G001612765,37,4,381,scaffold
9,G001612765,38,14,381,scaffold
0,G001612765,39,4,381,scaffold
2,G001612765,4,21,381,scaffold
4,G001612765,40,8,381,scaffold
42,G001612765,41,6,381,scaffold
44,G001612765,42,6,381,scaffold
2,G001612765,43,8,381,scaffold
1,G001612765,44,11,381,scaffold
4,G001612765,45,6,381,scaffold
29,G001612765,46,9,381,scaffold
24,G001612765,47,6,381,scaffold
8,G001612765,48,4,381,scaffold
35,G001612765,49,5,381,scaffold
2,G001612765,5,29,381,scaffold
0,G001612765,50,8,381,scaffold
26,G001612765,53,8,381,scaffold
2,G001612765,54,6,381,scaffold
4,G001612765,55,13,381,scaffold
19,G001612765,56,6,381,scaffold
27,G001612765,58,3,381,scaffold
9,G001612765,6,14,381,scaffold
0,G001612765,60,7,381,scaffold
24,G001612765,61,4,381,scaffold
9,G001612765,64,3,381,scaffold
38,G001612765,66,6,381,scaffold
0,G001612765,67,3,381,scaffold
31,G001612765,68,2,381,scaffold
0,G001612765,7,27,381,scaffold
22,G001612765,72,2,381,scaffold
31,G001612765,8,9,381,scaffold
0,G001612765,9,18,381,scaffold
0,G001625015,1,106,381,scaffold
0,G001625015,10,20,381,scaffold
0,G001625015,11,14,381,scaffold
0,G001625015,12,12,381,scaffold
2,G001625015,13,9,381,scaffold
61,G001625015,14,9,381,scaffold
0,G001625015,15,11,381,scaffold
1,G001625015,16,6,381,scaffold
0,G001625015,17,9,381,scaffold
10,G001625015,18,4,381,scaffold
7,G001625015,19,2,381,scaffold
0,G001625015,2,44,381,scaffold
0,G001625015,3,37,381,scaffold
0,G001625015,4,45,381,scaffold
0,G001625015,5,38,381,scaffold
0,G001625015,6,29,381,scaffold
0,G001625015,7,14,381,scaffold
0,G001625015,8,29,381,scaffold
24,G001625015,9,18,381,scaffold
3,G001705565,1,9,381,scaffold
3,G001705565,10,15,381,scaffold
1,G001705565,100,4,381,scaffold
11,G001705565,101,3,381,scaffold
3,G001705565,104,1,381,scaffold
10,G001705565,105,3,381,scaffold
14,G001705565,108,2,381,scaffold
41,G001705565,109,3,381,scaffold
11,G001705565,11,12,381,scaffold
0,G001705565,110,3,381,scaffold
3,G001705565,112,3,381,scaffold
0,G001705565,113,2,381,scaffold
16,G001705565,116,2,381,scaffold
3,G001705565,12,7,381,scaffold
0,G001705565,13,5,381,scaffold
2,G001705565,14,7,381,scaffold
0,G001705565,15,10,381,scaffold
3,G001705565,16,9,381,scaffold
28,G001705565,17,6,381,scaffold
43,G001705565,18,7,381,scaffold
2,G001705565,19,8,381,scaffold
10,G001705565,2,14,381,scaffold
1,G001705565,20,7,381,scaffold
3,G001705565,21,6,381,scaffold
6,G001705565,22,8,381,scaffold
13,G001705565,23,4,381,scaffold
3,G001705565,24,7,381,scaffold
2,G001705565,25,11,381,scaffold
18,G001705565,26,2,381,scaffold
2,G001705565,27,13,381,scaffold
4,G001705565,28,4,381,scaffold
3,G001705565,29,8,381,scaffold
1,G001705565,3,6,381,scaffold
3,G001705565,30,6,381,scaffold
2,G001705565,31,2,381,scaffold
2,G001705565,32,5,381,scaffold
2,G001705565,33,6,381,scaffold
0,G001705565,34,11,381,scaffold
3,G001705565,35,5,381,scaffold
2,G001705565,36,5,381,scaffold
25,G001705565,37,2,381,scaffold
16,G001705565,38,5,381,scaffold
1,G001705565,39,6,381,scaffold
0,G001705565,4,10,381,scaffold
13,G001705565,40,4,381,scaffold
42,G001705565,41,5,381,scaffold
3,G001705565,44,7,381,scaffold
3,G001705565,45,7,381,scaffold
1,G001705565,47,4,381,scaffold
3,G001705565,48,3,381,scaffold
0,G001705565,49,3,381,scaffold
0,G001705565,5,11,381,scaffold
3,G001705565,51,3,381,scaffold
3,G001705565,54,2,381,scaffold
26,G001705565,55,3,381,scaffold
50,G001705565,56,3,381,scaffold
2,G001705565,57,3,381,scaffold
0,G001705565,58,4,381,scaffold
1,G001705565,59,5,381,scaffold
11,G001705565,6,12,381,scaffold
2,G001705565,60,5,381,scaffold
2,G001705565,61,4,381,scaffold
14,G001705565,63,3,381,scaffold
3,G001705565,65,2,381,scaffold
24,G001705565,66,5,381,scaffold
29,G001705565,67,1,381,scaffold
0,G001705565,68,1,381,scaffold
0,G001705565,7,7,381,scaffold
2,G001705565,72,3,381,scaffold
2,G001705565,75,9,381,scaffold
27,G001705565,78,3,381,scaffold
2,G001705565,8,6,381,scaffold
3,G001705565,80,4,381,scaffold
2,G001705565,85,3,381,scaffold
51,G001705565,86,4,381,scaffold
14,G001705565,88,1,381,scaffold
35,G001705565,9,5,381,scaffold
0,G001705565,90,5,381,scaffold
10,G001705565,91,2,381,scaffold
2,G001705565,92,3,381,scaffold
11,G001705565,93,3,381,scaffold
3,G001705565,95,3,381,scaffold
32,G001705565,96,2,381,scaffold
3,G001705565,98,7,381,scaffold
0,G001705565,99,3,381,scaffold
0,G001767315,1,199,381,scaffold
0,G001769275,1,20,381,scaffold
0,G001769275,10,10,381,scaffold
0,G001769275,11,8,381,scaffold
0,G001769275,12,11,381,scaffold
0,G001769275,13,19,381,scaffold
0,G001769275,14,18,381,scaffold
0,G001769275,15,12,381,scaffold
0,G001769275,16,9,381,scaffold
0,G001769275,17,14,381,scaffold
0,G001769275,18,15,381,scaffold
5,G001769275,19,11,381,scaffold
0,G001769275,2,17,381,scaffold
0,G001769275,20,10,381,scaffold
0,G001769275,21,11,381,scaffold
5,G001769275,22,8,381,scaffold
0,G001769275,23,6,381,scaffold
0,G001769275,24,2,381,scaffold
0,G001769275,26,5,381,scaffold
0,G001769275,27,4,381,scaffold
9,G001769275,29,6,381,scaffold
0,G001769275,3,24,381,scaffold
0,G001769275,30,4,381,scaffold
0,G001769275,33,5,381,scaffold
0,G001769275,34,8,381,scaffold
0,G001769275,36,2,381,scaffold
0,G001769275,39,4,381,scaffold
0,G001769275,4,21,381,scaffold
0,G001769275,41,3,381,scaffold
0,G001769275,42,3,381,scaffold
0,G001769275,46,2,381,scaffold
0,G001769275,5,23,381,scaffold
0,G001769275,6,22,381,scaffold
0,G001769275,7,10,381,scaffold
0,G001769275,8,19,381,scaffold
28,G001769275,9,15,381,scaffold
1,G001770015,1,22,381,scaffold
4,G001770015,10,20,381,scaffold
4,G001770015,11,11,381,scaffold
4,G001770015,12,7,381,scaffold
25,G001770015,13,7,381,scaffold
3,G001770015,14,11,381,scaffold
2,G001770015,15,9,381,scaffold
4,G001770015,16,9,381,scaffold
3,G001770015,17,5,381,scaffold
6,G001770015,18,7,381,scaffold
3,G001770015,19,7,381,scaffold
4,G001770015,2,15,381,scaffold
4,G001770015,20,6,381,scaffold
4,G001770015,21,6,381,scaffold
1,G001770015,22,6,381,scaffold
6,G001770015,23,6,381,scaffold
18,G001770015,24,4,381,scaffold
3,G001770015,25,7,381,scaffold
6,G001770015,26,5,381,scaffold
27,G001770015,27,2,381,scaffold
4,G001770015,28,5,381,scaffold
2,G001770015,29,9,381,scaffold
4,G001770015,3,42,381,scaffold
1,G001770015,30,2,381,scaffold
4,G001770015,31,3,381,scaffold
24,G001770015,32,5,381,scaffold
4,G001770015,33,7,381,scaffold
1,G001770015,34,12,381,scaffold
3,G001770015,35,7,381,scaffold
3,G001770015,36,4,381,scaffold
6,G001770015,37,3,381,scaffold
3,G001770015,38,2,381,scaffold
3,G001770015,39,6,381,scaffold
4,G001770015,4,15,381,scaffold
6,G001770015,41,4,381,scaffold
2,G001770015,5,26,381,scaffold
1,G001770015,6,10,381,scaffold
4,G001770015,7,27,381,scaffold
3,G001770015,8,18,381,scaffold
4,G001770015,9,25,381,scaffold
1,G001771705,1,4,381,scaffold
1,G001771705,10,5,381,scaffold
0,G001771705,11,4,381,scaffold
3,G001771705,12,3,381,scaffold
1,G001771705,13,3,381,scaffold
13,G001771705,14,5,381,scaffold
1,G001771705,18,5,381,scaffold
1,G001771705,19,8,381,scaffold
1,G001771705,2,6,381,scaffold
1,G001771705,20,2,381,scaffold
8,G001771705,21,2,381,scaffold
1,G001771705,24,2,381,scaffold
0,G001771705,25,2,381,scaffold
0,G001771705,27,3,381,scaffold
1,G001771705,28,4,381,scaffold
1,G001771705,3,2,381,scaffold
1,G001771705,30,6,381,scaffold
1,G001771705,31,2,381,scaffold
15,G001771705,32,4,381,scaffold
3,G001771705,35,2,381,scaffold
2,G001771705,37,2,381,scaffold
2,G001771705,38,3,381,scaffold
1,G001771705,4,4,381,scaffold
1,G001771705,5,3,381,scaffold
0,G001771705,6,4,381,scaffold
1,G001771705,7,5,381,scaffold
1,G001771705,8,4,381,scaffold
1,G001774995,1,15,381,scaffold
4,G001774995,10,3,381,scaffold
4,G001774995,11,4,381,scaffold
4,G001774995,12,5,381,scaffold
4,G001774995,14,2,381,scaffold
0,G001774995,17,2,381,scaffold
3,G001774995,18,1,381,scaffold
4,G001774995,2,10,381,scaffold
4,G001774995,3,10,381,scaffold
9,G001774995,4,10,381,scaffold
4,G001774995,5,7,381,scaffold
4,G001774995,6,7,381,scaffold
4,G001774995,7,7,381,scaffold
4,G001774995,8,6,381,scaffold
0,G001774995,9,4,381,scaffold
1,G001778465,1,26,381,scaffold
1,G001778465,10,2,381,scaffold
1,G001778465,11,6,381,scaffold
1,G001778465,12,3,381,scaffold
1,G001778465,13,4,381,scaffold
1,G001778465,2,24,381,scaffold
0,G001778465,3,19,381,scaffold
1,G001778465,4,18,381,scaffold
0,G001778465,5,18,381,scaffold
1,G001778465,6,10,381,scaffold
1,G001778465,7,11,381,scaffold
1,G001778465,8,10,381,scaffold
0,G001778465,9,5,381,scaffold
8,G001780385,1,20,381,scaffold
7,G001780385,10,5,381,scaffold
16,G001780385,100,4,381,scaffold
14,G001780385,103,1,381,scaffold
20,G001780385,104,1,381,scaffold
18,G001780385,105,5,381,scaffold
14,G001780385,107,4,381,scaffold
11,G001780385,108,5,381,scaffold
2,G001780385,109,6,381,scaffold
15,G001780385,111,2,381,scaffold
9,G001780385,112,4,381,scaffold
15,G001780385,118,2,381,scaffold
17,G001780385,12,6,381,scaffold
22,G001780385,122,3,381,scaffold
14,G001780385,125,3,381,scaffold
6,G001780385,127,4,381,scaffold
5,G001780385,13,3,381,scaffold
11,G001780385,134,4,381,scaffold
15,G001780385,14,9,381,scaffold
12,G001780385,140,2,381,scaffold
18,G001780385,146,4,381,scaffold
21,G001780385,15,7,381,scaffold
18,G001780385,150,3,381,scaffold
0,G001780385,151,2,381,scaffold
12,G001780385,153,3,381,scaffold
14,G001780385,156,2,381,scaffold
26,G001780385,161,1,381,scaffold
0,G001780385,164,2,381,scaffold
14,G001780385,17,9,381,scaffold
11,G001780385,18,14,381,scaffold
14,G001780385,19,6,381,scaffold
14,G001780385,2,8,381,scaffold
3,G001780385,20,7,381,scaffold
10,G001780385,22,4,381,scaffold
8,G001780385,23,2,381,scaffold
14,G001780385,24,10,381,scaffold
14,G001780385,25,11,381,scaffold
8,G001780385,26,5,381,scaffold
28,G001780385,27,4,381,scaffold
0,G001780385,28,5,381,scaffold
14,G001780385,29,3,381,scaffold
24,G001780385,3,8,381,scaffold
14,G001780385,30,2,381,scaffold
15,G001780385,32,5,381,scaffold
20,G001780385,33,9,381,scaffold
9,G001780385,34,3,381,scaffold
15,G001780385,35,1,381,scaffold
7,G001780385,36,4,381,scaffold
18,G001780385,37,7,381,scaffold
17,G001780385,39,1,381,scaffold
12,G001780385,41,4,381,scaffold
20,G001780385,43,2,381,scaffold
14,G001780385,44,4,381,scaffold
2,G001780385,45,2,381,scaffold
14,G001780385,48,3,381,scaffold
19,G001780385,49,4,381,scaffold
16,G001780385,5,11,381,scaffold
14,G001780385,50,6,381,scaffold
7,G001780385,51,2,381,scaffold
8,G001780385,54,3,381,scaffold
15,G001780385,56,5,381,scaffold
5,G001780385,58,6,381,scaffold
0,G001780385,59,9,381,scaffold
17,G001780385,6,13,381,scaffold
7,G001780385,60,4,381,scaffold
9,G001780385,61,7,381,scaffold
26,G001780385,63,4,381,scaffold
14,G001780385,67,4,381,scaffold
9,G001780385,69,3,381,scaffold
9,G001780385,70,2,381,scaffold
21,G001780385,71,3,381,scaffold
5,G001780385,72,3,381,scaffold
8,G001780385,73,3,381,scaffold
8,G001780385,76,2,381,scaffold
0,G001780385,8,12,381,scaffold
17,G001780385,80,2,381,scaffold
3,G001780385,84,6,381,scaffold
14,G001780385,9,4,381,scaffold
21,G001780385,90,2,381,scaffold
9,G001780385,91,5,381,scaffold
14,G001780385,92,2,381,scaffold
0,G001780385,94,2,381,scaffold
24,G001780385,95,2,381,scaffold
10,G001780385,97,3,381,scaffold
14,G001780385,98,2,381,scaffold
0,G001781255,1,27,381,scaffold
0,G001781255,2,30,381,scaffold
1,G001781255,3,27,381,scaffold
0,G001781255,4,17,381,scaffold
0,G001781255,5,24,381,scaffold
0,G001781255,6,11,381,scaffold
0,G001781255,7,7,381,scaffold
0,G001781255,8,4,381,scaffold
0,G001781255,9,4,381,scaffold
0,G001787805,1,9,381,scaffold
0,G001787805,10,9,381,scaffold
0,G001787805,11,4,381,scaffold
0,G001787805,12,7,381,scaffold
0,G001787805,13,9,381,scaffold
4,G001787805,14,4,381,scaffold
0,G001787805,17,4,381,scaffold
0,G001787805,18,2,381,scaffold
0,G001787805,19,3,381,scaffold
0,G001787805,2,8,381,scaffold
0,G001787805,20,4,381,scaffold
5,G001787805,21,3,381,scaffold
5,G001787805,22,5,381,scaffold
0,G001787805,23,4,381,scaffold
0,G001787805,24,6,381,scaffold
0,G001787805,26,4,381,scaffold
0,G001787805,27,4,381,scaffold
4,G001787805,28,3,381,scaffold
0,G001787805,29,2,381,scaffold
0,G001787805,3,4,381,scaffold
0,G001787805,30,4,381,scaffold
0,G001787805,31,2,381,scaffold
0,G001787805,32,3,381,scaffold
0,G001787805,33,6,381,scaffold
0,G001787805,34,5,381,scaffold
0,G001787805,35,5,381,scaffold
0,G001787805,37,2,381,scaffold
0,G001787805,38,3,381,scaffold
0,G001787805,4,6,381,scaffold
0,G001787805,5,4,381,scaffold
0,G001787805,6,7,381,scaffold
0,G001787805,7,8,381,scaffold
0,G001787805,8,6,381,scaffold
0,G001787805,9,5,381,scaffold
3,G001792215,1,19,381,scaffold
15,G001792215,10,5,381,scaffold
0,G001792215,13,12,381,scaffold
3,G001792215,14,6,381,scaffold
7,G001792215,15,4,381,scaffold
2,G001792215,16,4,381,scaffold
1,G001792215,17,3,381,scaffold
0,G001792215,18,3,381,scaffold
2,G001792215,2,12,381,scaffold
1,G001792215,20,5,381,scaffold
1,G001792215,23,3,381,scaffold
16,G001792215,25,3,381,scaffold
4,G001792215,29,1,381,scaffold
7,G001792215,3,5,381,scaffold
2,G001792215,4,10,381,scaffold
3,G001792215,5,10,381,scaffold
2,G001792215,6,11,381,scaffold
2,G001792215,7,8,381,scaffold
2,G001792215,8,5,381,scaffold
4,G001792215,9,3,381,scaffold
2,G001793105,1,60,381,scaffold
1,G001793105,2,31,381,scaffold
2,G001793105,3,27,381,scaffold
2,G001793105,4,18,381,scaffold
2,G001793105,5,11,381,scaffold
2,G001793105,6,13,381,scaffold
2,G001793105,7,4,381,scaffold
19,G001793105,8,1,381,scaffold
2,G001793105,9,2,381,scaffold
0,G001793855,1,62,381,scaffold
0,G001793855,2,21,381,scaffold
0,G001793855,3,14,381,scaffold
0,G001793855,4,12,381,scaffold
0,G001793855,5,12,381,scaffold
0,G001793855,6,7,381,scaffold
0,G001793855,7,5,381,scaffold
0,G001793855,8,7,381,scaffold
0,G001793855,9,6,381,scaffold
1,G001795665,1,22,381,scaffold
1,G001795665,10,8,381,scaffold
0,G001795665,11,4,381,scaffold
1,G001795665,12,3,381,scaffold
1,G001795665,13,3,381,scaffold
1,G001795665,14,6,381,scaffold
0,G001795665,15,2,381,scaffold
0,G001795665,17,2,381,scaffold
3,G001795665,18,1,381,scaffold
1,G001795665,2,11,381,scaffold
1,G001795665,3,14,381,scaffold
0,G001795665,4,8,381,scaffold
1,G001795665,5,10,381,scaffold
0,G001795665,6,5,381,scaffold
0,G001795665,7,5,381,scaffold
0,G001795665,8,7,381,scaffold
1,G001795665,9,4,381,scaffold
0,G001797155,1,5,381,scaffold
7,G001797155,2,2,381,scaffold
0,G001799015,1,7,381,scaffold
0,G001799015,10,4,381,scaffold
3,G001799015,11,6,381,scaffold
0,G001799015,12,5,381,scaffold
0,G001799015,13,4,381,scaffold
1,G001799015,14,3,381,scaffold
0,G001799015,15,6,381,scaffold
0,G001799015,16,4,381,scaffold
0,G001799015,17,2,381,scaffold
0,G001799015,18,6,381,scaffold
25,G001799015,2,4,381,scaffold
0,G001799015,20,4,381,scaffold
0,G001799015,21,4,381,scaffold
0,G001799015,22,6,381,scaffold
1,G001799015,23,5,381,scaffold
0,G001799015,26,2,381,scaffold
19,G001799015,27,2,381,scaffold
0,G001799015,3,4,381,scaffold
0,G001799015,30,3,381,scaffold
0,G001799015,32,3,381,scaffold
0,G001799015,34,1,381,scaffold
1,G001799015,36,2,381,scaffold
1,G001799015,37,5,381,scaffold
0,G001799015,38,2,381,scaffold
0,G001799015,39,2,381,scaffold
0,G001799015,4,6,381,scaffold
0,G001799015,41,3,381,scaffold
0,G001799015,43,3,381,scaffold
0,G001799015,44,6,381,scaffold
0,G001799015,45,2,381,scaffold
0,G001799015,50,3,381,scaffold
0,G001799015,51,3,381,scaffold
1,G001799015,54,4,381,scaffold
0,G001799015,6,2,381,scaffold
0,G001799015,8,4,381,scaffold
23,G001799015,9,4,381,scaffold
0,G001800245,1,22,381,scaffold
0,G001800245,10,8,381,scaffold
4,G001800245,11,10,381,scaffold
12,G001800245,12,8,381,scaffold
0,G001800245,13,15,381,scaffold
2,G001800245,14,3,381,scaffold
0,G001800245,15,10,381,scaffold
2,G001800245,16,4,381,scaffold
15,G001800245,18,7,381,scaffold
2,G001800245,19,4,381,scaffold
0,G001800245,2,20,381,scaffold
0,G001800245,20,5,381,scaffold
1,G001800245,21,3,381,scaffold
0,G001800245,22,11,381,scaffold
4,G001800245,23,5,381,scaffold
2,G001800245,24,6,381,scaffold
0,G001800245,25,5,381,scaffold
0,G001800245,26,7,381,scaffold
2,G001800245,27,2,381,scaffold
0,G001800245,28,2,381,scaffold
2,G001800245,29,4,381,scaffold
0,G001800245,3,23,381,scaffold
15,G001800245,30,2,381,scaffold
0,G001800245,31,2,381,scaffold
0,G001800245,32,4,381,scaffold
0,G001800245,33,4,381,scaffold
5,G001800245,34,4,381,scaffold
0,G001800245,35,4,381,scaffold
1,G001800245,36,5,381,scaffold
1,G001800245,37,5,381,scaffold
3,G001800245,38,3,381,scaffold
0,G001800245,39,4,381,scaffold
0,G001800245,4,21,381,scaffold
0,G001800245,41,3,381,scaffold
15,G001800245,42,2,381,scaffold
0,G001800245,45,3,381,scaffold
13,G001800245,46,2,381,scaffold
0,G001800245,47,3,381,scaffold
0,G001800245,48,4,381,scaffold
0,G001800245,5,11,381,scaffold
0,G001800245,50,4,381,scaffold
0,G001800245,51,1,381,scaffold
0,G001800245,53,4,381,scaffold
0,G001800245,58,3,381,scaffold
1,G001800245,6,16,381,scaffold
0,G001800245,7,13,381,scaffold
0,G001800245,8,14,381,scaffold
1,G001800245,9,14,381,scaffold
3,G001818175,1,20,381,scaffold
0,G001818175,10,12,381,scaffold
1,G001818175,11,6,381,scaffold
3,G001818175,12,9,381,scaffold
3,G001818175,13,6,381,scaffold
1,G001818175,14,12,381,scaffold
3,G001818175,15,5,381,scaffold
2,G001818175,16,7,381,scaffold
2,G001818175,17,7,381,scaffold
3,G001818175,18,5,381,scaffold
2,G001818175,19,5,381,scaffold
3,G001818175,2,22,381,scaffold
0,G001818175,20,5,381,scaffold
7,G001818175,21,2,381,scaffold
26,G001818175,23,3,381,scaffold
1,G001818175,24,4,381,scaffold
3,G001818175,27,4,381,scaffold
3,G001818175,28,4,381,scaffold
1,G001818175,3,13,381,scaffold
3,G001818175,4,9,381,scaffold
2,G001818175,5,13,381,scaffold
3,G001818175,6,9,381,scaffold
3,G001818175,7,9,381,scaffold
3,G001818175,8,12,381,scaffold
3,G001818175,9,4,381,scaffold
2,G001819945,1,10,381,scaffold
7,G001819945,10,4,381,scaffold
0,G001819945,11,7,381,scaffold
0,G001819945,12,9,381,scaffold
2,G001819945,13,4,381,scaffold
22,G001819945,14,5,381,scaffold
1,G001819945,16,5,381,scaffold
7,G001819945,17,7,381,scaffold
21,G001819945,18,7,381,scaffold
12,G001819945,19,3,381,scaffold
1,G001819945,2,7,381,scaffold
2,G001819945,20,3,381,scaffold
7,G001819945,21,3,381,scaffold
14,G001819945,22,4,381,scaffold
0,G001819945,23,3,381,scaffold
32,G001819945,24,3,381,scaffold
0,G001819945,25,2,381,scaffold
0,G001819945,3,12,381,scaffold
7,G001819945,4,10,381,scaffold
2,G001819945,5,8,381,scaffold
4,G001819945,6,8,381,scaffold
7,G001819945,7,9,381,scaffold
12,G001819945,8,3,381,scaffold
0,G001819945,9,6,381,scaffold
0,G001819985,1,14,381,scaffold
0,G001819985,10,8,381,scaffold
0,G001819985,11,7,381,scaffold
7,G001819985,12,3,381,scaffold
7,G001819985,13,3,381,scaffold
0,G001819985,14,3,381,scaffold
0,G001819985,16,7,381,scaffold
0,G001819985,17,6,381,scaffold
13,G001819985,18,4,381,scaffold
0,G001819985,19,2,381,scaffold
0,G001819985,2,19,381,scaffold
0,G001819985,3,17,381,scaffold
0,G001819985,4,16,381,scaffold
0,G001819985,5,10,381,scaffold
0,G001819985,6,12,381,scaffold
0,G001819985,7,16,381,scaffold
0,G001819985,8,13,381,scaffold
0,G001819985,9,8,381,scaffold
3,G001820395,1,23,381,scaffold
4,G001820395,10,6,381,scaffold
4,G001820395,11,7,381,scaffold
2,G001820395,12,5,381,scaffold
3,G001820395,13,4,381,scaffold
3,G001820395,14,4,381,scaffold
1,G001820395,15,6,381,scaffold
3,G001820395,16,4,381,scaffold
4,G001820395,17,2,381,scaffold
2,G001820395,2,15,381,scaffold
4,G001820395,3,17,381,scaffold
3,G001820395,4,14,381,scaffold
3,G001820395,5,7,381,scaffold
2,G001820395,6,14,381,scaffold
3,G001820395,7,16,381,scaffold
4,G001820395,8,3,381,scaffold
3,G001820395,9,6,381,scaffold
0,G001823745,1,17,381,scaffold
0,G001823745,10,2,381,scaffold
0,G001823745,11,3,381,scaffold
0,G001823745,12,3,381,scaffold
0,G001823745,14,5,381,scaffold
2,G001823745,17,3,381,scaffold
0,G001823745,2,18,381,scaffold
0,G001823745,3,12,381,scaffold
0,G001823745,4,10,381,scaffold
0,G001823745,5,9,381,scaffold
0,G001823745,6,8,381,scaffold
0,G001823745,7,4,381,scaffold
0,G001823745,8,6,381,scaffold
0,G001823745,9,6,381,scaffold
0,G001825065,1,62,381,scaffold
1,G001825065,2,24,381,scaffold
1,G001825065,3,13,381,scaffold
1,G001825065,4,9,381,scaffold
0,G001829835,1,10,381,scaffold
0,G001829835,11,11,381,scaffold
1,G001829835,12,8,381,scaffold
0,G001829835,13,8,381,scaffold
27,G001829835,14,4,381,scaffold
0,G001829835,15,2,381,scaffold
25,G001829835,16,2,381,scaffold
2,G001829835,17,3,381,scaffold
48,G001829835,18,4,381,scaffold
1,G001829835,19,2,381,scaffold
2,G001829835,2,5,381,scaffold
1,G001829835,20,3,381,scaffold
1,G001829835,21,5,381,scaffold
2,G001829835,22,7,381,scaffold
1,G001829835,24,2,381,scaffold
2,G001829835,25,6,381,scaffold
0,G001829835,27,9,381,scaffold
2,G001829835,28,6,381,scaffold
6,G001829835,29,2,381,scaffold
1,G001829835,3,4,381,scaffold
6,G001829835,30,4,381,scaffold
0,G001829835,31,8,381,scaffold
1,G001829835,32,1,381,scaffold
44,G001829835,34,2,381,scaffold
34,G001829835,35,2,381,scaffold
1,G001829835,4,11,381,scaffold
2,G001829835,40,3,381,scaffold
34,G001829835,41,3,381,scaffold
1,G001829835,42,3,381,scaffold
6,G001829835,43,3,381,scaffold
6,G001829835,44,4,381,scaffold
1,G001829835,45,4,381,scaffold
1,G001829835,46,3,381,scaffold
6,G001829835,47,3,381,scaffold
0,G001829835,49,3,381,scaffold
34,G001829835,5,7,381,scaffold
34,G001829835,50,2,381,scaffold
1,G001829835,51,2,381,scaffold
4,G001829835,52,5,381,scaffold
0,G001829835,56,3,381,scaffold
29,G001829835,59,2,381,scaffold
0,G001829835,6,9,381,scaffold
1,G001829835,62,3,381,scaffold
1,G001829835,63,7,381,scaffold
1,G001829835,64,2,381,scaffold
30,G001829835,65,2,381,scaffold
4,G001829835,66,4,381,scaffold
2,G001829835,69,3,381,scaffold
0,G001829835,7,3,381,scaffold
1,G001829835,70,4,381,scaffold
3,G001829835,8,6,381,scaffold
0,G001829835,9,5,381,scaffold
5,G001878675,1,50,381,scaffold
7,G001878675,10,29,381,scaffold
4,G001878675,11,19,381,scaffold
9,G001878675,12,10,381,scaffold
4,G001878675,13,19,381,scaffold
12,G001878675,14,4,381,scaffold
4,G001878675,15,22,381,scaffold
48,G001878675,16,6,381,scaffold
1,G001878675,17,12,381,scaffold
31,G001878675,18,2,381,scaffold
30,G001878675,19,3,381,scaffold
1,G001878675,2,107,381,scaffold
11,G001878675,20,6,381,scaffold
1,G001878675,21,7,381,scaffold
11,G001878675,22,5,381,scaffold
0,G001878675,3,59,381,scaffold
3,G001878675,4,46,381,scaffold
4,G001878675,5,27,381,scaffold
4,G001878675,6,39,381,scaffold
4,G001878675,7,44,381,scaffold
4,G001878675,8,43,381,scaffold
4,G001878675,9,33,381,scaffold
0,G001897295,1,160,381,scaffold
2,G001932175,1,74,381,scaffold
2,G001932175,10,17,381,scaffold
3,G001932175,11,10,381,scaffold
2,G001932175,12,6,381,scaffold
2,G001932175,13,6,381,scaffold
2,G001932175,15,17,381,scaffold
0,G001932175,17,3,381,scaffold
4,G001932175,18,2,381,scaffold
2,G001932175,2,49,381,scaffold
2,G001932175,3,35,381,scaffold
2,G001932175,4,26,381,scaffold
2,G001932175,5,31,381,scaffold
3,G001932175,6,14,381,scaffold
2,G001932175,7,14,381,scaffold
2,G001932175,8,6,381,scaffold
2,G001932175,9,22,381,scaffold
3,G001932225,1,44,381,scaffold
1,G001932225,10,9,381,scaffold
3,G001932225,11,6,381,scaffold
1,G001932225,12,17,381,scaffold
1,G001932225,13,10,381,scaffold
3,G001932225,14,5,381,scaffold
5,G001932225,15,13,381,scaffold
4,G001932225,16,8,381,scaffold
1,G001932225,17,6,381,scaffold
1,G001932225,18,1,381,scaffold
1,G001932225,2,39,381,scaffold
1,G001932225,21,4,381,scaffold
5,G001932225,22,3,381,scaffold
3,G001932225,3,37,381,scaffold
3,G001932225,4,31,381,scaffold
3,G001932225,5,22,381,scaffold
3,G001932225,6,31,381,scaffold
5,G001932225,7,18,381,scaffold
2,G001932225,8,14,381,scaffold
5,G001932225,9,12,381,scaffold
2,G001981705,1,41,381,scaffold
11,G001981705,10,13,381,scaffold
2,G001981705,11,13,381,scaffold
4,G001981705,12,18,381,scaffold
2,G001981705,13,18,381,scaffold
1,G001981705,14,6,381,scaffold
4,G001981705,15,13,381,scaffold
10,G001981705,16,2,381,scaffold
7,G001981705,17,2,381,scaffold
10,G001981705,18,3,381,scaffold
22,G001981705,19,2,381,scaffold
2,G001981705,2,59,381,scaffold
1,G001981705,3,32,381,scaffold
2,G001981705,4,29,381,scaffold
1,G001981705,5,30,381,scaffold
2,G001981705,6,19,381,scaffold
2,G001981705,7,21,381,scaffold
1,G001981705,8,20,381,scaffold
14,G001981705,9,10,381,scaffold
3,G001981925,1,37,381,scaffold
4,G001981925,10,9,381,scaffold
6,G001981925,11,8,381,scaffold
3,G001981925,12,10,381,scaffold
1,G001981925,13,7,381,scaffold
3,G001981925,14,10,381,scaffold
3,G001981925,15,11,381,scaffold
6,G001981925,16,4,381,scaffold
24,G001981925,17,4,381,scaffold
0,G001981925,18,9,381,scaffold
12,G001981925,19,3,381,scaffold
3,G001981925,2,26,381,scaffold
3,G001981925,20,3,381,scaffold
10,G001981925,21,4,381,scaffold
2,G001981925,22,6,381,scaffold
3,G001981925,23,5,381,scaffold
3,G001981925,24,3,381,scaffold
6,G001981925,27,7,381,scaffold
6,G001981925,28,5,381,scaffold
3,G001981925,3,26,381,scaffold
4,G001981925,30,2,381,scaffold
18,G001981925,31,3,381,scaffold
3,G001981925,33,2,381,scaffold
10,G001981925,34,2,381,scaffold
3,G001981925,35,3,381,scaffold
9,G001981925,36,2,381,scaffold
3,G001981925,38,3,381,scaffold
20,G001981925,39,3,381,scaffold
4,G001981925,4,28,381,scaffold
12,G001981925,42,3,381,scaffold
0,G001981925,44,2,381,scaffold
0,G001981925,45,2,381,scaffold
6,G001981925,46,2,381,scaffold
4,G001981925,5,20,381,scaffold
3,G001981925,6,17,381,scaffold
6,G001981925,7,16,381,scaffold
3,G001981925,8,11,381,scaffold
4,G001981925,9,13,381,scaffold
3,G001982045,1,37,381,scaffold
6,G001982045,11,5,381,scaffold
3,G001982045,13,10,381,scaffold
6,G001982045,15,6,381,scaffold
2,G001982045,20,7,381,scaffold
18,G001982045,22,3,381,scaffold
6,G001982045,29,5,381,scaffold
6,G001982045,44,3,381,scaffold
1,G001982045,6,17,381,scaffold
3,G001982045,8,11,381,scaffold
0,G002003665,1,140,381,scaffold
0,G002003665,2,56,381,scaffold
0,G002003665,3,65,381,scaffold
0,G002003665,4,49,381,scaffold
0,G002003665,5,31,381,scaffold
0,G002003665,6,13,381,scaffold
0,G002003665,7,9,381,scaffold
0,G002019735,1,166,381,scaffold
0,G002019735,10,3,381,scaffold
0,G002019735,2,103,381,scaffold
3,G002019735,3,71,381,scaffold
1,G002019735,4,52,381,scaffold
0,G002019735,5,56,381,scaffold
0,G002019735,6,52,381,scaffold
29,G002019735,7,10,381,scaffold
0,G002019735,8,10,381,scaffold
1,G002019735,9,6,381,scaffold
7,G900061665,1,62,381,scaffold
7,G900061665,10,14,381,scaffold
7,G900061665,11,11,381,scaffold
4,G900061665,12,19,381,scaffold
41,G900061665,13,3,381,scaffold
7,G900061665,14,4,381,scaffold
7,G900061665,15,8,381,scaffold
7,G900061665,16,12,381,scaffold
3,G900061665,17,9,381,scaffold
7,G900061665,18,6,381,scaffold
7,G900061665,19,3,381,scaffold
7,G900061665,2,73,381,scaffold
12,G900061665,20,3,381,scaffold
7,G900061665,21,2,381,scaffold
3,G900061665,24,5,381,scaffold
3,G900061665,3,31,381,scaffold
3,G900061665,4,23,381,scaffold
6,G900061665,5,53,381,scaffold
7,G900061665,6,34,381,scaffold
4,G900061665,7,34,381,scaffold
7,G900061665,8,15,381,scaffold
7,G900061665,9,19,381,scaffold
0,G900106955,1,115,381,scaffold
4,G900106955,10,5,381,scaffold
1,G900106955,11,20,381,scaffold
3,G900106955,12,22,381,scaffold
2,G900106955,2,86,381,scaffold
1,G900106955,3,67,381,scaffold
1,G900106955,4,74,381,scaffold
1,G900106955,5,40,381,scaffold
0,G900106955,6,49,381,scaffold
2,G900106955,7,35,381,scaffold
5,G900106955,8,24,381,scaffold
27,G900106955,9,13,381,scaffold
0,G900111195,1,122,381,scaffold
1,G900111195,10,33,381,scaffold
1,G900111195,11,35,381,scaffold
1,G900111195,12,25,381,scaffold
7,G900111195,13,21,381,scaffold
2,G900111195,14,13,381,scaffold
2,G900111195,15,14,381,scaffold
1,G900111195,16,22,381,scaffold
12,G900111195,17,9,381,scaffold
1,G900111195,18,15,381,scaffold
2,G900111195,19,7,381,scaffold
0,G900111195,2,26,381,scaffold
1,G900111195,20,15,381,scaffold
19,G900111195,21,3,381,scaffold
1,G900111195,22,21,381,scaffold
2,G900111195,23,8,381,scaffold
1,G900111195,24,11,381,scaffold
3,G900111195,25,11,381,scaffold
1,G900111195,26,5,381,scaffold
38,G900111195,29,4,381,scaffold
1,G900111195,3,40,381,scaffold
25,G900111195,30,3,381,scaffold
44,G900111195,33,4,381,scaffold
2,G900111195,34,5,381,scaffold
2,G900111195,4,10,381,scaffold
35,G900111195,5,12,381,scaffold
1,G900111195,6,17,381,scaffold
0,G900111195,7,18,381,scaffold
0,G900111195,8,29,381,scaffold
17,G900111195,9,12,381,scaffold
1,G900113355,1,198,381,scaffold
38,G900113355,10,12,381,scaffold
1,G900113355,11,17,381,scaffold
43,G900113355,12,2,381,scaffold
40,G900113355,13,7,381,scaffold
19,G900113355,14,7,381,scaffold
44,G900113355,15,4,381,scaffold
1,G900113355,16,12,381,scaffold
2,G900113355,17,18,381,scaffold
35,G900113355,19,2,381,scaffold
0,G900113355,2,77,381,scaffold
0,G900113355,21,7,381,scaffold
2,G900113355,22,4,381,scaffold
25,G900113355,24,4,381,scaffold
1,G900113355,26,6,381,scaffold
1,G900113355,3,61,381,scaffold
0,G900113355,31,3,381,scaffold
1,G900113355,34,3,381,scaffold
1,G900113355,36,3,381,scaffold
1,G900113355,4,57,381,scaffold
1,G900113355,5,84,381,scaffold
2,G900113355,6,24,381,scaffold
1,G900113355,7,23,381,scaffold
27,G900113355,8,11,381,scaffold
2,G900113355,9,17,381,scaffold
2,G900113455,1,29,381,scaffold
4,G900113455,10,9,381,scaffold
4,G900113455,11,18,381,scaffold
5,G900113455,12,10,381,scaffold
4,G900113455,13,10,381,scaffold
2,G900113455,14,16,381,scaffold
17,G900113455,15,5,381,scaffold
0,G900113455,16,2,381,scaffold
4,G900113455,18,3,381,scaffold
4,G900113455,19,5,381,scaffold
4,G900113455,2,25,381,scaffold
11,G900113455,20,4,381,scaffold
2,G900113455,21,6,381,scaffold
9,G900113455,22,5,381,scaffold
4,G900113455,23,8,381,scaffold
4,G900113455,24,10,381,scaffold
4,G900113455,25,5,381,scaffold
5,G900113455,26,4,381,scaffold
2,G900113455,27,6,381,scaffold
4,G900113455,28,9,381,scaffold
0,G900113455,3,28,381,scaffold
2,G900113455,30,5,381,scaffold
2,G900113455,31,6,381,scaffold
2,G900113455,32,2,381,scaffold
4,G900113455,33,3,381,scaffold
3,G900113455,34,5,381,scaffold
15,G900113455,35,2,381,scaffold
4,G900113455,36,2,381,scaffold
4,G900113455,37,3,381,scaffold
4,G900113455,38,4,381,scaffold
3,G900113455,39,7,381,scaffold
4,G900113455,4,17,381,scaffold
2,G900113455,40,6,381,scaffold
2,G900113455,41,3,381,scaffold
4,G900113455,42,5,381,scaffold
12,G900113455,43,2,381,scaffold
2,G900113455,45,2,381,scaffold
4,G900113455,5,27,381,scaffold
4,G900113455,6,24,381,scaffold
4,G900113455,7,15,381,scaffold
4,G900113455,8,5,381,scaffold
4,G900113455,9,7,381,scaffold
6,G900129815,1,2,381,scaffold
3,G900129815,2,4,381,scaffold
